2018-09-16,0,,27.7,28.7,temperatura
2018-09-16,100,,27.5,27.7,temperatura
2018-09-16,200,,26.2,27.5,temperatura
2018-09-16,300,,25.6,26.3,temperatura
2018-09-16,400,,25.0,25.7,temperatura
2018-09-16,500,,24.2,25.0,temperatura
2018-09-16,600,,23.4,24.2,temperatura
2018-09-16,700,,22.8,23.4,temperatura
2018-09-16,800,,22.3,22.9,temperatura
2018-09-16,900,,21.7,22.3,temperatura
2018-09-16,1000,,22.9,22.9,temperatura
2018-09-16,1100,,24.6,24.6,temperatura
2018-09-16,1200,,26.3,26.6,temperatura
2018-09-16,1300,,28.5,28.8,temperatura
2018-09-16,1400,,30.4,30.4,temperatura
2018-09-16,1500,,31.3,31.9,temperatura
2018-09-16,1600,,32.0,33.1,temperatura
2018-09-16,1700,,33.8,34.4,temperatura
2018-09-16,1800,,34.1,34.6,temperatura
2018-09-16,1900,,34.0,35.1,temperatura
2018-09-16,2000,,33.2,34.2,temperatura
2018-09-16,2100,,31.5,33.3,temperatura
2018-09-16,2200,,29.7,31.5,temperatura
2018-09-16,2300,,28.6,29.7,temperatura
2018-10-24,0,0.0,28.3,29.3,temperatura
2018-10-24,100,0.0,28.0,28.5,temperatura
2018-10-24,200,0.0,26.6,28.0,temperatura
2018-10-24,300,0.0,26.5,26.9,temperatura
2018-10-24,400,0.0,25.7,26.8,temperatura
2018-10-24,500,0.0,24.4,25.9,temperatura
2018-10-24,600,0.0,23.8,24.3,temperatura
2018-10-24,700,0.0,23.2,23.8,temperatura
2018-10-24,800,0.0,23.0,23.3,temperatura
2018-10-24,900,0.0,23.0,23.0,temperatura
2018-10-24,1000,0.0,24.1,24.1,temperatura
2018-10-24,1100,0.0,26.0,26.0,temperatura
2018-10-24,1200,0.0,27.5,27.7,temperatura
2018-10-24,1300,0.0,29.3,29.9,temperatura
2018-10-24,1400,0.0,31.3,31.5,temperatura
2018-10-24,1500,0.0,32.7,32.9,temperatura
2018-10-24,1600,0.0,33.6,34.0,temperatura
2018-10-24,1700,0.0,34.6,34.7,temperatura
2018-10-24,1800,0.0,35.1,35.7,temperatura
2018-10-24,1900,0.0,34.6,35.8,temperatura
2018-10-24,2000,0.0,34.3,35.6,temperatura
2018-10-24,2100,0.0,32.2,34.4,temperatura
2018-10-24,2200,0.0,30.7,32.2,temperatura
2018-10-24,2300,0.0,30.1,30.8,temperatura
2018-10-25,0,0.0,29.4,30.3,temperatura
2018-10-25,100,0.0,28.5,29.5,temperatura
2018-10-25,200,0.0,26.4,28.5,temperatura
2018-10-25,300,0.0,26.4,27.8,temperatura
2018-10-25,400,0.0,25.4,26.6,temperatura
2018-10-25,500,0.0,24.5,25.4,temperatura
2018-10-25,600,0.0,24.4,24.8,temperatura
2018-10-25,700,0.0,23.8,24.4,temperatura
2018-10-25,800,0.0,23.3,23.8,temperatura
2018-10-25,900,0.0,23.1,23.3,temperatura
2018-10-25,1000,0.0,24.4,24.4,temperatura
2018-10-25,1100,0.0,25.1,25.1,temperatura
2018-10-25,1200,0.0,26.9,27.0,temperatura
2018-10-25,1300,0.0,28.8,28.8,temperatura
2018-10-25,1400,0.0,30.8,31.2,temperatura
2018-10-25,1500,0.0,32.7,32.9,temperatura
2018-10-25,1600,0.0,32.6,33.6,temperatura
2018-10-25,1700,0.0,34.3,35.3,temperatura
2018-10-25,1800,0.0,35.0,35.4,temperatura
2018-10-25,1900,0.0,34.9,35.9,temperatura
2018-10-25,2000,0.0,33.6,35.5,temperatura
2018-10-25,2100,0.0,32.4,33.9,temperatura
2018-10-25,2200,0.0,31.1,32.4,temperatura
2018-10-25,2300,0.0,30.1,31.1,temperatura
2018-10-28,0,0.0,28.6,30.2,temperatura
2018-10-28,100,0.0,27.1,28.6,temperatura
2018-10-28,200,0.0,26.9,27.3,temperatura
2018-10-28,300,0.0,26.9,27.0,temperatura
2018-10-28,400,0.0,25.8,27.0,temperatura
2018-10-28,500,0.0,25.4,26.0,temperatura
2018-10-28,600,0.0,24.9,25.4,temperatura
2018-10-28,700,0.0,24.1,24.9,temperatura
2018-10-28,800,0.0,23.0,24.1,temperatura
2018-10-28,900,0.0,22.6,23.0,temperatura
2018-10-28,1000,0.0,24.5,24.7,temperatura
2018-10-28,1100,0.0,25.7,26.1,temperatura
2018-10-28,1200,0.0,27.6,27.9,temperatura
2018-10-28,1300,0.0,29.3,29.8,temperatura
2018-10-28,1400,0.0,31.8,31.8,temperatura
2018-10-28,1500,0.0,32.7,33.2,temperatura
2018-10-28,1600,0.0,32.5,34.3,temperatura
2018-10-28,1700,0.0,33.3,35.0,temperatura
2018-10-28,1800,0.0,34.7,35.3,temperatura
2018-10-28,1900,0.0,34.2,35.5,temperatura
2018-10-28,2000,0.0,34.5,35.3,temperatura
2018-10-28,2100,0.0,32.6,34.5,temperatura
2018-10-28,2200,0.0,30.7,32.6,temperatura
2018-10-28,2300,0.0,29.3,30.7,temperatura
2018-11-20,0,0.0,27.4,29.3,temperatura
2018-11-20,100,0.0,26.4,27.4,temperatura
2018-11-20,200,0.0,26.5,27.6,temperatura
2018-11-20,300,0.0,26.6,26.6,temperatura
2018-11-20,400,0.0,26.1,27.0,temperatura
2018-11-20,500,0.0,25.0,26.1,temperatura
2018-11-20,600,0.0,24.6,25.0,temperatura
2018-11-20,700,0.0,23.7,24.6,temperatura
2018-11-20,800,0.0,23.6,23.9,temperatura
2018-11-20,900,0.0,23.4,23.6,temperatura
2018-11-20,1000,0.0,23.9,23.9,temperatura
2018-11-20,1100,0.0,25.0,25.1,temperatura
2018-11-20,1200,0.0,27.3,27.3,temperatura
2018-11-20,1300,0.0,29.1,29.1,temperatura
2018-11-20,1400,0.0,30.4,31.2,temperatura
2018-11-20,1500,0.0,32.0,32.6,temperatura
2018-11-20,1600,0.0,32.7,33.6,temperatura
2018-11-20,1700,0.0,33.3,33.9,temperatura
2018-11-20,1800,0.0,34.5,34.7,temperatura
2018-11-20,1900,0.0,33.8,35.2,temperatura
2018-11-20,2000,0.0,32.8,34.1,temperatura
2018-11-20,2100,0.0,31.7,32.8,temperatura
2018-11-20,2200,0.0,29.9,31.7,temperatura
2018-11-20,2300,0.0,28.8,29.9,temperatura
2019-08-15,0,0.0,27.6,28.0,temperatura
2019-08-15,100,0.0,27.2,27.9,temperatura
2019-08-15,200,0.0,25.9,27.2,temperatura
2019-08-15,300,0.0,23.4,25.9,temperatura
2019-08-15,400,0.0,24.5,24.8,temperatura
2019-08-15,500,0.0,23.4,24.5,temperatura
2019-08-15,600,0.0,22.8,23.4,temperatura
2019-08-15,700,0.0,22.7,22.9,temperatura
2019-08-15,800,0.0,22.4,22.7,temperatura
2019-08-15,900,0.0,22.9,22.9,temperatura
2019-08-15,1000,0.0,23.1,23.1,temperatura
2019-08-15,1100,0.0,23.6,23.6,temperatura
2019-08-15,1200,0.0,25.7,25.7,temperatura
2019-08-15,1300,0.0,27.7,28.0,temperatura
2019-08-15,1400,0.0,29.5,29.6,temperatura
2019-08-15,1500,0.0,31.1,31.6,temperatura
2019-08-15,1600,0.0,31.9,32.3,temperatura
2019-08-15,1700,0.0,32.1,33.1,temperatura
2019-08-15,1800,0.0,32.1,39.5,temperatura
2019-08-15,1900,0.0,32.1,33.2,temperatura
2019-08-15,2000,0.0,31.5,32.9,temperatura
2019-08-15,2100,0.0,30.3,31.8,temperatura
2019-08-15,2200,0.0,28.6,30.3,temperatura
2019-08-15,2300,0.0,27.8,28.7,temperatura
2019-09-10,0,0.0,28.2,29.0,temperatura
2019-09-10,100,0.0,27.5,28.2,temperatura
2019-09-10,200,0.0,26.6,27.5,temperatura
2019-09-10,300,0.0,26.3,26.7,temperatura
2019-09-10,400,0.0,24.8,26.5,temperatura
2019-09-10,500,0.0,22.9,24.9,temperatura
2019-09-10,600,0.0,24.2,24.7,temperatura
2019-09-10,700,0.0,22.4,24.2,temperatura
2019-09-10,800,0.0,22.9,22.9,temperatura
2019-09-10,900,0.0,22.6,22.9,temperatura
2019-09-10,1000,0.0,22.9,22.9,temperatura
2019-09-10,1100,0.2,23.2,23.2,temperatura
2019-09-10,1200,0.0,26.0,26.5,temperatura
2019-09-10,1300,0.0,29.5,29.5,temperatura
2019-09-10,1400,0.0,31.6,32.2,temperatura
2019-09-10,1500,0.0,33.0,33.2,temperatura
2019-09-10,1600,0.0,34.0,34.0,temperatura
2019-09-10,1700,0.0,33.6,34.8,temperatura
2019-09-10,1800,0.0,33.8,35.2,temperatura
2019-09-10,1900,0.0,34.8,35.5,temperatura
2019-09-10,2000,0.0,33.9,34.9,temperatura
2019-09-10,2100,0.0,31.7,33.9,temperatura
2019-09-10,2200,0.0,29.9,31.7,temperatura
2019-09-10,2300,0.0,28.9,29.9,temperatura
2019-09-19,0,0.0,28.3,29.2,temperatura
2019-09-19,100,0.0,27.2,28.4,temperatura
2019-09-19,200,0.0,26.6,27.2,temperatura
2019-09-19,300,0.0,25.5,26.6,temperatura
2019-09-19,400,0.0,24.6,25.5,temperatura
2019-09-19,500,0.0,23.5,24.6,temperatura
2019-09-19,600,0.0,22.8,23.6,temperatura
2019-09-19,700,0.0,22.1,22.8,temperatura
2019-09-19,800,0.0,21.2,22.1,temperatura
2019-09-19,900,0.0,20.8,21.2,temperatura
2019-09-19,1000,0.0,22.8,22.8,temperatura
2019-09-19,1100,0.0,24.3,24.4,temperatura
2019-09-19,1200,0.0,26.7,26.8,temperatura
2019-09-19,1300,0.0,29.6,29.6,temperatura
2019-09-19,1400,0.0,30.6,31.4,temperatura
2019-09-19,1500,0.0,32.5,32.5,temperatura
2019-09-19,1600,0.0,33.7,34.3,temperatura
2019-09-19,1700,0.0,34.6,35.7,temperatura
2019-09-19,1800,0.0,34.4,35.8,temperatura
2019-09-19,1900,0.0,35.2,35.6,temperatura
2019-09-19,2000,0.0,33.9,35.2,temperatura
2019-09-19,2100,0.0,32.0,33.9,temperatura
2019-09-19,2200,0.0,30.5,32.0,temperatura
2019-09-19,2300,0.0,29.9,30.5,temperatura
2019-09-21,0,0.0,27.6,29.6,temperatura
2019-09-21,100,0.0,27.2,27.6,temperatura
2019-09-21,200,0.0,26.0,27.2,temperatura
2019-09-21,300,0.0,26.4,26.7,temperatura
2019-09-21,400,0.0,25.5,26.4,temperatura
2019-09-21,500,0.0,24.6,25.5,temperatura
2019-09-21,600,0.0,24.0,24.6,temperatura
2019-09-21,700,0.0,23.1,24.0,temperatura
2019-09-21,800,0.0,22.9,23.2,temperatura
2019-09-21,900,0.0,23.2,23.2,temperatura
2019-09-21,1000,0.0,23.5,23.5,temperatura
2019-09-21,1100,0.0,24.5,25.1,temperatura
2019-09-21,1200,0.0,25.8,25.9,temperatura
2019-09-21,1300,0.0,27.5,27.9,temperatura
2019-09-21,1400,0.0,28.2,28.5,temperatura
2019-09-21,1500,0.0,31.1,31.1,temperatura
2019-09-21,1600,0.0,32.8,33.0,temperatura
2019-09-21,1700,0.0,33.7,34.5,temperatura
2019-09-21,1800,0.0,34.2,35.4,temperatura
2019-09-21,1900,0.0,34.6,35.1,temperatura
2019-09-21,2000,0.0,34.3,35.0,temperatura
2019-09-21,2100,0.0,31.8,34.3,temperatura
2019-09-21,2200,0.0,30.1,31.8,temperatura
2019-09-21,2300,0.0,29.3,30.1,temperatura
2019-10-24,0,0.0,24.8,25.5,temperatura
2019-10-24,100,0.0,24.4,24.8,temperatura
2019-10-24,200,0.0,23.9,24.4,temperatura
2019-10-24,300,0.0,23.2,23.9,temperatura
2019-10-24,400,0.0,22.9,23.3,temperatura
2019-10-24,500,0.0,23.0,23.0,temperatura
2019-10-24,600,0.0,22.2,23.1,temperatura
2019-10-24,700,0.0,22.1,22.4,temperatura
2019-10-24,800,0.0,21.7,22.2,temperatura
2019-10-24,900,0.0,21.3,21.8,temperatura
2019-10-24,1000,0.0,24.2,24.4,temperatura
2019-10-24,1100,0.0,26.0,26.0,temperatura
2019-10-24,1200,0.0,27.4,27.6,temperatura
2019-10-24,1300,0.0,29.2,29.6,temperatura
2019-10-24,1400,0.0,31.6,31.6,temperatura
2019-10-24,1500,0.0,30.9,32.3,temperatura
2019-10-24,1600,0.0,32.9,33.5,temperatura
2019-10-24,1700,0.0,33.2,33.7,temperatura
2019-10-24,1800,0.0,34.7,35.1,temperatura
2019-10-24,1900,0.0,33.0,35.1,temperatura
2019-10-24,2000,0.0,33.6,33.7,temperatura
2019-10-24,2100,0.0,31.1,33.6,temperatura
2019-10-24,2200,0.0,30.2,31.1,temperatura
2019-10-24,2300,0.0,28.4,30.2,temperatura
2019-10-27,0,0.0,26.5,28.3,temperatura
2019-10-27,100,0.0,26.0,26.7,temperatura
2019-10-27,200,0.0,26.2,27.2,temperatura
2019-10-27,300,0.0,25.0,26.7,temperatura
2019-10-27,400,0.0,25.1,25.8,temperatura
2019-10-27,500,0.0,24.2,25.1,temperatura
2019-10-27,600,0.0,23.6,24.3,temperatura
2019-10-27,700,0.0,23.4,23.6,temperatura
2019-10-27,800,0.0,23.4,23.5,temperatura
2019-10-27,900,0.0,23.2,23.4,temperatura
2019-10-27,1000,0.0,23.8,23.8,temperatura
2019-10-27,1100,0.0,25.9,25.9,temperatura
2019-10-27,1200,0.0,27.5,27.6,temperatura
2019-10-27,1300,0.0,28.9,29.9,temperatura
2019-10-27,1400,0.0,30.8,31.6,temperatura
2019-10-27,1500,0.0,32.2,33.1,temperatura
2019-10-27,1600,0.0,34.2,34.8,temperatura
2019-10-27,1700,0.0,35.1,35.6,temperatura
2019-10-27,1800,0.0,34.5,35.6,temperatura
2019-10-27,1900,0.0,34.3,35.3,temperatura
2019-10-27,2000,0.0,33.3,34.2,temperatura
2019-10-27,2100,0.0,31.6,33.4,temperatura
2019-10-27,2200,0.0,30.3,31.6,temperatura
2019-10-27,2300,0.0,29.0,30.3,temperatura
2019-11-01,0,0.0,28.6,29.1,temperatura
2019-11-01,100,0.0,27.6,28.6,temperatura
2019-11-01,200,0.0,25.9,27.7,temperatura
2019-11-01,300,0.0,26.1,27.0,temperatura
2019-11-01,400,0.0,25.0,26.1,temperatura
2019-11-01,500,0.0,24.1,25.0,temperatura
2019-11-01,600,0.0,23.5,24.1,temperatura
2019-11-01,700,0.0,22.5,23.5,temperatura
2019-11-01,800,0.0,22.5,22.8,temperatura
2019-11-01,900,0.0,22.2,22.5,temperatura
2019-11-01,1000,0.0,23.2,23.3,temperatura
2019-11-01,1100,0.0,24.5,24.6,temperatura
2019-11-01,1200,0.0,26.2,26.8,temperatura
2019-11-01,1300,0.0,27.9,28.4,temperatura
2019-11-01,1400,0.0,30.1,31.0,temperatura
2019-11-01,1500,0.0,32.0,32.0,temperatura
2019-11-01,1600,0.0,32.4,33.5,temperatura
2019-11-01,1700,0.0,33.4,34.4,temperatura
2019-11-01,1800,0.0,33.5,34.1,temperatura
2019-11-01,1900,0.0,34.0,35.1,temperatura
2019-11-01,2000,0.0,32.8,34.0,temperatura
2019-11-01,2100,0.0,31.3,32.8,temperatura
2019-11-01,2200,0.0,29.8,31.3,temperatura
2019-11-01,2300,0.0,28.9,29.8,temperatura
2019-11-02,0,0.0,28.4,28.9,temperatura
2019-11-02,100,0.0,27.0,28.4,temperatura
2019-11-02,200,0.0,25.5,27.0,temperatura
2019-11-02,300,0.0,25.3,25.6,temperatura
2019-11-02,400,0.0,24.3,25.3,temperatura
2019-11-02,500,0.0,23.5,24.3,temperatura
2019-11-02,600,0.0,24.1,24.1,temperatura
2019-11-02,700,0.0,22.7,24.1,temperatura
2019-11-02,800,0.0,22.4,22.7,temperatura
2019-11-02,900,0.0,21.8,22.4,temperatura
2019-11-02,1000,0.0,24.0,24.1,temperatura
2019-11-02,1100,0.0,25.6,25.7,temperatura
2019-11-02,1200,0.0,27.7,27.7,temperatura
2019-11-02,1300,0.0,29.5,29.8,temperatura
2019-11-02,1400,0.0,31.6,31.6,temperatura
2019-11-02,1500,0.0,33.0,33.0,temperatura
2019-11-02,1600,0.0,33.5,34.5,temperatura
2019-11-02,1700,0.0,34.8,35.6,temperatura
2019-11-02,1800,0.0,35.8,36.0,temperatura
2019-11-02,1900,0.0,34.2,35.9,temperatura
2019-11-02,2000,0.0,30.5,34.4,temperatura
2019-11-02,2100,0.0,29.8,30.5,temperatura
2019-11-02,2200,0.0,28.4,29.8,temperatura
2019-11-02,2300,0.0,27.5,28.4,temperatura
2020-08-20,0,0.0,27.1,28.1,temperatura
2020-08-20,100,0.0,25.9,27.2,temperatura
2020-08-20,200,0.0,26.0,26.1,temperatura
2020-08-20,300,0.0,25.6,26.1,temperatura
2020-08-20,400,0.0,23.4,25.7,temperatura
2020-08-20,500,0.0,21.6,23.4,temperatura
2020-08-20,600,0.0,22.4,23.5,temperatura
2020-08-20,700,0.0,21.8,22.4,temperatura
2020-08-20,800,0.0,19.5,21.8,temperatura
2020-08-20,900,0.0,19.5,20.0,temperatura
2020-08-20,1000,0.0,21.7,21.8,temperatura
2020-08-20,1100,0.0,21.8,21.8,temperatura
2020-08-20,1200,0.0,22.5,22.5,temperatura
2020-08-20,1300,0.0,24.8,24.8,temperatura
2020-08-20,1400,0.0,27.5,27.6,temperatura
2020-08-20,1500,0.0,29.5,29.8,temperatura
2020-08-20,1600,0.0,31.8,32.5,temperatura
2020-08-20,1700,0.0,34.0,34.1,temperatura
2020-08-20,1800,0.0,34.2,35.0,temperatura
2020-08-20,1900,0.0,34.3,35.1,temperatura
2020-08-20,2000,0.0,33.9,34.8,temperatura
2020-08-20,2100,0.0,31.9,33.9,temperatura
2020-08-20,2200,0.0,29.6,31.9,temperatura
2020-08-20,2300,0.0,28.8,29.6,temperatura
2020-08-26,0,0.0,23.1,24.6,temperatura
2020-08-26,100,0.0,22.8,23.1,temperatura
2020-08-26,200,0.0,22.4,23.0,temperatura
2020-08-26,300,0.0,22.0,22.4,temperatura
2020-08-26,400,0.0,21.5,22.1,temperatura
2020-08-26,500,0.0,21.4,21.5,temperatura
2020-08-26,600,0.0,21.3,21.7,temperatura
2020-08-26,700,0.0,20.7,21.3,temperatura
2020-08-26,800,0.0,20.6,20.7,temperatura
2020-08-26,900,0.0,20.1,20.6,temperatura
2020-08-26,1000,0.0,23.5,23.5,temperatura
2020-08-26,1100,0.0,24.7,25.0,temperatura
2020-08-26,1200,0.0,27.1,27.1,temperatura
2020-08-26,1300,0.0,29.1,29.5,temperatura
2020-08-26,1400,0.0,31.4,31.4,temperatura
2020-08-26,1500,0.0,32.6,33.0,temperatura
2020-08-26,1600,0.0,33.6,34.2,temperatura
2020-08-26,1700,0.0,34.7,35.3,temperatura
2020-08-26,1800,0.0,35.0,35.9,temperatura
2020-08-26,1900,0.0,34.6,36.1,temperatura
2020-08-26,2000,0.0,33.8,35.6,temperatura
2020-08-26,2100,0.0,32.7,33.9,temperatura
2020-08-26,2200,0.0,31.0,32.7,temperatura
2020-08-26,2300,0.0,30.1,31.0,temperatura
2020-08-30,0,0.0,26.7,27.7,temperatura
2020-08-30,100,0.0,26.1,27.1,temperatura
2020-08-30,200,0.0,26.6,26.6,temperatura
2020-08-30,300,0.0,23.6,26.7,temperatura
2020-08-30,400,0.0,22.5,23.6,temperatura
2020-08-30,500,0.0,22.5,22.6,temperatura
2020-08-30,600,0.0,23.2,23.2,temperatura
2020-08-30,700,0.0,22.3,23.2,temperatura
2020-08-30,800,0.0,22.2,22.4,temperatura
2020-08-30,900,0.0,22.1,22.2,temperatura
2020-08-30,1000,0.0,22.7,22.7,temperatura
2020-08-30,1100,0.0,24.3,24.4,temperatura
2020-08-30,1200,0.0,26.9,27.1,temperatura
2020-08-30,1300,0.0,30.1,30.1,temperatura
2020-08-30,1400,0.0,31.9,31.9,temperatura
2020-08-30,1500,0.0,33.5,33.5,temperatura
2020-08-30,1600,0.0,33.5,33.6,temperatura
2020-08-30,1700,0.0,34.0,34.5,temperatura
2020-08-30,1800,0.0,33.2,35.2,temperatura
2020-08-30,1900,0.0,34.4,35.1,temperatura
2020-08-30,2000,0.0,34.2,34.8,temperatura
2020-08-30,2100,0.0,32.2,34.2,temperatura
2020-08-30,2200,0.0,30.3,32.2,temperatura
2020-08-30,2300,0.0,29.1,30.3,temperatura
2020-09-10,0,0.0,28.1,29.0,temperatura
2020-09-10,100,0.0,27.7,28.3,temperatura
2020-09-10,200,0.0,27.0,27.8,temperatura
2020-09-10,300,0.0,26.3,27.0,temperatura
2020-09-10,400,0.0,25.6,26.5,temperatura
2020-09-10,500,0.0,23.5,25.6,temperatura
2020-09-10,600,0.0,22.6,23.6,temperatura
2020-09-10,700,0.0,22.1,22.6,temperatura
2020-09-10,800,0.0,22.4,22.5,temperatura
2020-09-10,900,0.0,22.6,22.7,temperatura
2020-09-10,1000,0.0,22.8,22.8,temperatura
2020-09-10,1100,0.0,24.1,24.3,temperatura
2020-09-10,1200,0.0,26.9,26.9,temperatura
2020-09-10,1300,0.0,28.6,29.6,temperatura
2020-09-10,1400,0.0,30.1,30.6,temperatura
2020-09-10,1500,0.0,32.5,32.9,temperatura
2020-09-10,1600,0.0,33.0,34.1,temperatura
2020-09-10,1700,0.0,34.5,35.0,temperatura
2020-09-10,1800,0.0,34.9,35.4,temperatura
2020-09-10,1900,0.0,34.6,35.6,temperatura
2020-09-10,2000,0.0,33.3,35.0,temperatura
2020-09-10,2100,0.0,31.8,33.7,temperatura
2020-09-10,2200,0.0,30.2,31.8,temperatura
2020-09-10,2300,0.0,29.0,30.2,temperatura
2020-09-12,0,0.0,28.6,29.1,temperatura
2020-09-12,100,0.0,28.0,28.7,temperatura
2020-09-12,200,0.0,27.4,28.0,temperatura
2020-09-12,300,0.0,25.9,27.4,temperatura
2020-09-12,400,0.0,24.5,25.9,temperatura
2020-09-12,500,0.0,23.5,24.5,temperatura
2020-09-12,600,0.0,23.1,23.5,temperatura
2020-09-12,700,0.0,23.1,23.1,temperatura
2020-09-12,800,0.0,22.6,23.2,temperatura
2020-09-12,900,0.0,23.1,23.1,temperatura
2020-09-12,1000,0.0,23.4,23.4,temperatura
2020-09-12,1100,0.0,24.5,24.5,temperatura
2020-09-12,1200,0.0,26.3,26.4,temperatura
2020-09-12,1300,0.0,28.7,28.9,temperatura
2020-09-12,1400,0.0,29.5,30.6,temperatura
2020-09-12,1500,0.0,31.3,31.8,temperatura
2020-09-12,1600,0.0,32.0,33.5,temperatura
2020-09-12,1700,0.0,32.6,33.3,temperatura
2020-09-12,1800,0.0,34.2,35.1,temperatura
2020-09-12,1900,0.0,34.4,34.4,temperatura
2020-09-12,2000,0.0,33.6,34.6,temperatura
2020-09-12,2100,0.0,32.0,33.6,temperatura
2020-09-12,2200,0.0,30.1,32.0,temperatura
2020-09-12,2300,0.0,29.4,30.2,temperatura
2020-09-15,0,0.0,28.6,29.2,temperatura
2020-09-15,100,0.0,25.2,28.7,temperatura
2020-09-15,200,0.0,26.6,26.8,temperatura
2020-09-15,300,0.0,25.5,26.6,temperatura
2020-09-15,400,0.0,25.0,25.5,temperatura
2020-09-15,500,0.0,24.7,26.6,temperatura
2020-09-15,600,0.0,24.5,25.3,temperatura
2020-09-15,700,0.0,22.2,25.1,temperatura
2020-09-15,800,0.0,22.9,23.0,temperatura
2020-09-15,900,0.0,20.7,22.9,temperatura
2020-09-15,1000,0.0,22.0,22.7,temperatura
2020-09-15,1100,0.0,25.2,25.2,temperatura
2020-09-15,1200,0.0,27.7,27.7,temperatura
2020-09-15,1300,0.0,29.9,29.9,temperatura
2020-09-15,1400,0.0,32.9,32.9,temperatura
2020-09-15,1500,0.0,32.2,33.0,temperatura
2020-09-15,1600,0.0,33.9,34.2,temperatura
2020-09-15,1700,0.0,34.4,35.1,temperatura
2020-09-15,1800,0.0,34.7,35.3,temperatura
2020-09-15,1900,0.0,34.4,35.2,temperatura
2020-09-15,2000,0.0,33.8,34.8,temperatura
2020-09-15,2100,0.0,31.9,33.8,temperatura
2020-09-15,2200,0.0,29.7,31.9,temperatura
2020-09-15,2300,0.0,28.9,29.7,temperatura
2020-09-24,0,0.0,27.8,28.1,temperatura
2020-09-24,100,0.0,26.5,27.8,temperatura
2020-09-24,200,0.0,26.3,26.7,temperatura
2020-09-24,300,0.0,26.1,26.6,temperatura
2020-09-24,400,0.0,25.2,26.1,temperatura
2020-09-24,500,0.0,24.5,25.2,temperatura
2020-09-24,600,0.0,23.7,24.4,temperatura
2020-09-24,700,0.0,23.2,23.7,temperatura
2020-09-24,800,0.0,23.6,23.6,temperatura
2020-09-24,900,0.0,22.9,23.6,temperatura
2020-09-24,1000,0.0,23.9,23.9,temperatura
2020-09-24,1100,0.0,25.0,25.7,temperatura
2020-09-24,1200,0.0,27.1,27.7,temperatura
2020-09-24,1300,0.0,29.0,29.7,temperatura
2020-09-24,1400,0.0,30.7,31.0,temperatura
2020-09-24,1500,0.0,32.3,32.5,temperatura
2020-09-24,1600,0.0,33.6,33.9,temperatura
2020-09-24,1700,0.0,33.8,35.0,temperatura
2020-09-24,1800,0.0,33.8,35.1,temperatura
2020-09-24,1900,0.0,33.3,35.6,temperatura
2020-09-24,2000,0.0,33.0,33.4,temperatura
2020-09-24,2100,0.0,31.9,33.2,temperatura
2020-09-24,2200,0.0,30.6,31.9,temperatura
2020-09-24,2300,0.0,29.7,30.6,temperatura
2020-10-02,0,0.0,26.1,27.9,temperatura
2020-10-02,100,0.0,25.2,26.2,temperatura
2020-10-02,200,0.0,25.1,25.3,temperatura
2020-10-02,300,0.0,24.6,25.2,temperatura
2020-10-02,400,0.0,24.1,24.8,temperatura
2020-10-02,500,0.0,23.3,24.1,temperatura
2020-10-02,600,0.0,23.3,25.3,temperatura
2020-10-02,700,0.0,22.4,23.4,temperatura
2020-10-02,800,0.0,23.1,23.1,temperatura
2020-10-02,900,0.0,23.3,23.3,temperatura
2020-10-02,1000,0.0,23.5,23.5,temperatura
2020-10-02,1100,0.0,25.1,25.2,temperatura
2020-10-02,1200,0.0,27.2,27.2,temperatura
2020-10-02,1300,0.0,28.4,28.9,temperatura
2020-10-02,1400,0.0,31.1,31.1,temperatura
2020-10-02,1500,0.0,31.4,32.3,temperatura
2020-10-02,1600,0.0,34.1,34.3,temperatura
2020-10-02,1700,0.0,33.5,34.7,temperatura
2020-10-02,1800,0.0,35.8,35.8,temperatura
2020-10-02,1900,0.0,34.5,35.8,temperatura
2020-10-02,2000,0.0,33.5,34.5,temperatura
2020-10-02,2100,0.0,32.0,33.6,temperatura
2020-10-02,2200,0.0,30.8,32.0,temperatura
2020-10-02,2300,0.0,28.5,30.8,temperatura
2020-10-07,0,0.0,26.6,28.8,temperatura
2020-10-07,100,0.0,26.3,27.6,temperatura
2020-10-07,200,0.0,24.7,26.3,temperatura
2020-10-07,300,0.0,24.0,24.9,temperatura
2020-10-07,400,0.0,24.7,25.4,temperatura
2020-10-07,500,0.0,24.3,24.7,temperatura
2020-10-07,600,0.0,23.7,24.3,temperatura
2020-10-07,700,0.0,23.0,23.7,temperatura
2020-10-07,800,0.0,22.8,23.0,temperatura
2020-10-07,900,0.0,22.4,22.8,temperatura
2020-10-07,1000,0.0,23.1,23.1,temperatura
2020-10-07,1100,0.0,24.7,24.7,temperatura
2020-10-07,1200,0.0,26.8,26.8,temperatura
2020-10-07,1300,0.0,29.8,29.8,temperatura
2020-10-07,1400,0.0,30.6,30.7,temperatura
2020-10-07,1500,0.0,32.1,32.6,temperatura
2020-10-07,1600,0.0,33.5,33.7,temperatura
2020-10-07,1700,0.0,34.8,35.1,temperatura
2020-10-07,1800,0.0,35.4,35.8,temperatura
2020-10-07,1900,0.0,34.7,36.0,temperatura
2020-10-07,2000,0.0,33.7,35.0,temperatura
2020-10-07,2100,0.0,31.9,33.7,temperatura
2020-10-07,2200,0.0,30.5,31.9,temperatura
2020-10-07,2300,0.0,29.8,30.5,temperatura
2020-10-08,0,0.0,28.8,29.8,temperatura
2020-10-08,100,0.0,28.4,29.0,temperatura
2020-10-08,200,0.0,27.4,28.4,temperatura
2020-10-08,300,0.0,25.8,27.7,temperatura
2020-10-08,400,0.0,25.0,26.0,temperatura
2020-10-08,500,0.0,23.9,25.0,temperatura
2020-10-08,600,0.0,23.5,24.2,temperatura
2020-10-08,700,0.0,22.2,23.5,temperatura
2020-10-08,800,0.0,21.0,22.2,temperatura
2020-10-08,900,0.0,20.6,21.2,temperatura
2020-10-08,1000,0.0,22.8,22.8,temperatura
2020-10-08,1100,0.0,23.8,23.8,temperatura
2020-10-08,1200,0.0,26.1,26.7,temperatura
2020-10-08,1300,0.0,27.9,28.7,temperatura
2020-10-08,1400,0.0,30.1,30.9,temperatura
2020-10-08,1500,0.0,31.3,32.1,temperatura
2020-10-08,1600,0.0,33.1,33.7,temperatura
2020-10-08,1700,0.0,33.5,34.5,temperatura
2020-10-08,1800,0.0,34.5,35.3,temperatura
2020-10-08,1900,0.0,34.6,35.4,temperatura
2020-10-08,2000,0.0,33.3,34.8,temperatura
2020-10-08,2100,0.0,30.7,33.4,temperatura
2020-10-08,2200,0.0,28.9,30.7,temperatura
2020-10-08,2300,0.0,28.8,29.3,temperatura
2020-10-15,0,0.0,26.9,27.6,temperatura
2020-10-15,100,0.0,25.4,26.9,temperatura
2020-10-15,200,0.0,24.1,25.4,temperatura
2020-10-15,300,0.0,23.4,24.1,temperatura
2020-10-15,400,0.0,23.1,23.5,temperatura
2020-10-15,500,0.0,23.5,25.4,temperatura
2020-10-15,600,0.0,23.0,23.8,temperatura
2020-10-15,700,0.0,22.6,23.0,temperatura
2020-10-15,800,0.0,22.2,22.6,temperatura
2020-10-15,900,0.0,21.9,22.3,temperatura
2020-10-15,1000,0.0,23.0,23.1,temperatura
2020-10-15,1100,0.0,24.3,24.4,temperatura
2020-10-15,1200,0.0,26.5,26.9,temperatura
2020-10-15,1300,0.0,29.4,29.4,temperatura
2020-10-15,1400,0.0,30.6,31.0,temperatura
2020-10-15,1500,0.0,32.3,32.5,temperatura
2020-10-15,1600,0.0,34.0,34.1,temperatura
2020-10-15,1700,0.0,32.6,34.7,temperatura
2020-10-15,1800,0.0,35.1,35.1,temperatura
2020-10-15,1900,0.0,33.9,35.5,temperatura
2020-10-15,2000,0.0,32.5,34.0,temperatura
2020-10-15,2100,0.0,31.2,32.5,temperatura
2020-10-15,2200,0.0,29.9,31.2,temperatura
2020-10-15,2300,0.0,28.0,29.8,temperatura
2020-10-21,0,0.0,27.0,27.8,temperatura
2020-10-21,100,0.0,26.3,27.1,temperatura
2020-10-21,200,0.0,25.3,26.3,temperatura
2020-10-21,300,0.0,24.6,25.3,temperatura
2020-10-21,400,0.0,24.7,24.8,temperatura
2020-10-21,500,0.0,24.2,24.7,temperatura
2020-10-21,600,0.0,23.9,24.4,temperatura
2020-10-21,700,0.0,23.4,23.9,temperatura
2020-10-21,800,0.0,23.2,23.5,temperatura
2020-10-21,900,0.0,22.9,23.3,temperatura
2020-10-21,1000,0.0,23.9,23.9,temperatura
2020-10-21,1100,0.0,25.1,25.1,temperatura
2020-10-21,1200,0.0,27.8,27.8,temperatura
2020-10-21,1300,0.0,29.3,29.4,temperatura
2020-10-21,1400,0.0,31.4,31.5,temperatura
2020-10-21,1500,0.0,33.0,33.1,temperatura
2020-10-21,1600,0.0,32.9,34.6,temperatura
2020-10-21,1700,0.0,34.8,35.0,temperatura
2020-10-21,1800,0.0,35.1,35.8,temperatura
2020-10-21,1900,0.0,34.8,35.5,temperatura
2020-10-21,2000,0.0,34.1,35.6,temperatura
2020-10-21,2100,0.0,32.4,34.1,temperatura
2020-10-21,2200,0.0,31.1,32.4,temperatura
2020-10-21,2300,0.0,30.2,31.2,temperatura
2020-10-25,0,0.0,29.0,30.1,temperatura
2020-10-25,100,0.0,28.8,29.1,temperatura
2020-10-25,200,0.0,26.3,28.8,temperatura
2020-10-25,300,0.0,26.0,26.3,temperatura
2020-10-25,400,0.0,24.8,26.0,temperatura
2020-10-25,500,0.0,23.8,24.8,temperatura
2020-10-25,600,0.0,23.3,23.8,temperatura
2020-10-25,700,0.0,23.9,24.3,temperatura
2020-10-25,800,0.0,23.9,24.2,temperatura
2020-10-25,900,0.0,23.1,24.0,temperatura
2020-10-25,1000,0.0,24.8,24.8,temperatura
2020-10-25,1100,0.0,26.6,26.7,temperatura
2020-10-25,1200,0.0,27.7,28.2,temperatura
2020-10-25,1300,0.0,29.8,30.3,temperatura
2020-10-25,1400,0.0,30.7,30.7,temperatura
2020-10-25,1500,0.0,31.8,33.0,temperatura
2020-10-25,1600,0.0,31.8,33.9,temperatura
2020-10-25,1700,0.0,33.4,34.4,temperatura
2020-10-25,1800,0.0,33.0,35.0,temperatura
2020-10-25,1900,0.0,34.6,35.4,temperatura
2020-10-25,2000,0.0,33.8,34.7,temperatura
2020-10-25,2100,0.0,32.3,34.5,temperatura
2020-10-25,2200,0.0,30.6,32.3,temperatura
2020-10-25,2300,0.0,30.1,30.8,temperatura
2018-03-23,0,0.0,23.6,24.7,precipitacao
2018-03-23,100,0.0,23.6,23.7,precipitacao
2018-03-23,200,0.0,23.6,23.7,precipitacao
2018-03-23,300,0.2,23.5,23.7,precipitacao
2018-03-23,400,0.2,23.4,23.5,precipitacao
2018-03-23,500,0.0,23.4,23.6,precipitacao
2018-03-23,600,0.0,23.6,23.6,precipitacao
2018-03-23,700,0.0,23.5,23.6,precipitacao
2018-03-23,800,0.0,23.5,23.5,precipitacao
2018-03-23,900,1.0,23.4,23.5,precipitacao
2018-03-23,1000,0.0,23.6,23.6,precipitacao
2018-03-23,1100,0.8,23.8,23.9,precipitacao
2018-03-23,1200,0.6,24.4,24.4,precipitacao
2018-03-23,1300,1.2,24.7,25.1,precipitacao
2018-03-23,1400,8.0,25.1,25.2,precipitacao
2018-03-23,1500,14.0,22.0,25.7,precipitacao
2018-03-23,1600,19.0,22.4,22.4,precipitacao
2018-03-23,1700,3.0,22.6,22.8,precipitacao
2018-03-23,1800,0.8,22.9,23.0,precipitacao
2018-03-23,1900,0.4,23.2,23.2,precipitacao
2018-03-23,2000,0.6,22.9,23.4,precipitacao
2018-03-23,2100,8.8,21.3,23.2,precipitacao
2018-03-23,2200,10.0,21.1,21.3,precipitacao
2018-03-23,2300,3.2,21.1,21.2,precipitacao
2018-11-29,0,0.0,24.2,24.3,precipitacao
2018-11-29,100,0.0,23.9,24.2,precipitacao
2018-11-29,200,0.0,23.9,23.9,precipitacao
2018-11-29,300,0.0,23.7,23.9,precipitacao
2018-11-29,400,0.0,23.7,23.7,precipitacao
2018-11-29,500,0.0,23.7,23.8,precipitacao
2018-11-29,600,0.0,23.7,23.9,precipitacao
2018-11-29,700,0.0,23.8,23.9,precipitacao
2018-11-29,800,0.0,23.5,23.9,precipitacao
2018-11-29,900,0.0,23.5,23.6,precipitacao
2018-11-29,1000,0.0,23.8,23.8,precipitacao
2018-11-29,1100,0.0,24.5,24.6,precipitacao
2018-11-29,1200,0.0,24.9,25.0,precipitacao
2018-11-29,1300,0.0,26.0,26.3,precipitacao
2018-11-29,1400,0.0,27.3,27.6,precipitacao
2018-11-29,1500,0.2,28.2,28.2,precipitacao
2018-11-29,1600,0.0,28.6,29.3,precipitacao
2018-11-29,1700,17.6,24.2,29.0,precipitacao
2018-11-29,1800,20.0,24.0,24.3,precipitacao
2018-11-29,1900,6.0,23.6,24.1,precipitacao
2018-11-29,2000,17.6,22.8,23.6,precipitacao
2018-11-29,2100,2.2,23.0,23.1,precipitacao
2018-11-29,2200,0.8,22.8,23.0,precipitacao
2018-11-29,2300,1.2,22.7,22.9,precipitacao
2018-12-03,0,1.6,22.9,23.1,precipitacao
2018-12-03,100,1.0,23.1,23.1,precipitacao
2018-12-03,200,0.2,23.0,23.1,precipitacao
2018-12-03,300,0.0,22.8,23.1,precipitacao
2018-12-03,400,0.0,22.5,22.8,precipitacao
2018-12-03,500,0.0,22.5,22.6,precipitacao
2018-12-03,600,0.0,22.7,22.7,precipitacao
2018-12-03,700,0.0,22.9,23.0,precipitacao
2018-12-03,800,0.0,22.9,23.0,precipitacao
2018-12-03,900,0.0,22.7,22.9,precipitacao
2018-12-03,1000,0.0,23.3,23.3,precipitacao
2018-12-03,1100,0.0,23.8,23.9,precipitacao
2018-12-03,1200,0.8,24.2,24.4,precipitacao
2018-12-03,1300,1.6,24.5,24.7,precipitacao
2018-12-03,1400,0.8,25.5,25.6,precipitacao
2018-12-03,1500,3.0,24.7,25.6,precipitacao
2018-12-03,1600,0.4,26.7,27.1,precipitacao
2018-12-03,1700,0.0,27.7,28.2,precipitacao
2018-12-03,1800,0.0,27.7,28.0,precipitacao
2018-12-03,1900,0.0,27.3,27.8,precipitacao
2018-12-03,2000,0.0,26.1,27.4,precipitacao
2018-12-03,2100,0.0,24.8,26.1,precipitacao
2018-12-03,2200,42.0,21.8,24.8,precipitacao
2018-12-03,2300,3.8,21.4,21.8,precipitacao
2019-03-12,0,5.8,22.4,24.5,precipitacao
2019-03-12,100,21.8,22.2,22.4,precipitacao
2019-03-12,200,2.0,22.4,22.4,precipitacao
2019-03-12,300,1.2,22.1,22.4,precipitacao
2019-03-12,400,0.0,22.1,22.1,precipitacao
2019-03-12,500,0.0,22.3,22.3,precipitacao
2019-03-12,600,0.0,22.2,22.4,precipitacao
2019-03-12,700,0.0,22.3,22.3,precipitacao
2019-03-12,800,0.0,22.3,22.4,precipitacao
2019-03-12,900,0.0,22.5,22.5,precipitacao
2019-03-12,1000,0.0,22.8,22.8,precipitacao
2019-03-12,1100,0.0,23.4,23.5,precipitacao
2019-03-12,1200,0.0,24.8,24.9,precipitacao
2019-03-12,1300,0.0,25.8,26.1,precipitacao
2019-03-12,1400,0.0,26.3,26.8,precipitacao
2019-03-12,1500,0.0,27.4,27.9,precipitacao
2019-03-12,1600,0.2,28.6,29.1,precipitacao
2019-03-12,1700,0.0,28.6,29.9,precipitacao
2019-03-12,1800,0.8,25.4,28.6,precipitacao
2019-03-12,1900,0.0,25.9,26.4,precipitacao
2019-03-12,2000,0.0,27.4,28.3,precipitacao
2019-03-12,2100,3.0,24.7,27.4,precipitacao
2019-03-12,2200,0.0,24.9,25.0,precipitacao
2019-03-12,2300,35.6,21.5,25.2,precipitacao
2019-03-26,0,0.0,24.7,24.7,precipitacao
2019-03-26,100,1.6,24.3,24.9,precipitacao
2019-03-26,200,50.2,22.8,24.3,precipitacao
2019-03-26,300,14.8,22.4,22.8,precipitacao
2019-03-26,400,4.6,22.5,22.5,precipitacao
2019-03-26,500,1.4,22.6,22.7,precipitacao
2019-03-26,600,1.0,22.8,22.8,precipitacao
2019-03-26,700,0.0,22.7,22.8,precipitacao
2019-03-26,800,0.0,22.7,22.7,precipitacao
2019-03-26,900,0.4,22.8,22.8,precipitacao
2019-03-26,1000,1.4,22.8,22.8,precipitacao
2019-03-26,1100,0.6,23.1,23.1,precipitacao
2019-03-26,1200,1.0,23.6,23.6,precipitacao
2019-03-26,1300,0.6,24.3,24.5,precipitacao
2019-03-26,1400,0.0,25.3,25.4,precipitacao
2019-03-26,1500,0.0,26.8,26.8,precipitacao
2019-03-26,1600,0.0,28.2,28.3,precipitacao
2019-03-26,1700,0.0,28.8,28.9,precipitacao
2019-03-26,1800,0.0,27.9,29.4,precipitacao
2019-03-26,1900,0.0,26.0,27.9,precipitacao
2019-03-26,2000,0.0,25.6,26.1,precipitacao
2019-03-26,2100,0.0,25.2,25.7,precipitacao
2019-03-26,2200,0.0,24.6,25.2,precipitacao
2019-03-26,2300,0.0,24.0,24.6,precipitacao
2019-03-31,0,0.0,24.1,24.6,precipitacao
2019-03-31,100,0.0,24.3,24.4,precipitacao
2019-03-31,200,0.6,24.0,24.6,precipitacao
2019-03-31,300,0.2,24.0,24.1,precipitacao
2019-03-31,400,0.8,23.6,24.1,precipitacao
2019-03-31,500,12.0,23.0,23.6,precipitacao
2019-03-31,600,23.2,22.2,23.0,precipitacao
2019-03-31,700,7.8,22.0,22.4,precipitacao
2019-03-31,800,1.6,22.0,22.0,precipitacao
2019-03-31,900,0.2,22.0,22.0,precipitacao
2019-03-31,1000,0.0,22.4,22.4,precipitacao
2019-03-31,1100,0.0,23.7,23.8,precipitacao
2019-03-31,1200,0.0,24.9,24.9,precipitacao
2019-03-31,1300,0.0,26.9,26.9,precipitacao
2019-03-31,1400,0.0,27.2,27.9,precipitacao
2019-03-31,1500,0.0,27.1,27.8,precipitacao
2019-03-31,1600,0.2,27.2,27.3,precipitacao
2019-03-31,1700,0.0,28.6,28.8,precipitacao
2019-03-31,1800,0.0,27.6,29.2,precipitacao
2019-03-31,1900,0.0,28.0,29.1,precipitacao
2019-03-31,2000,0.0,28.9,29.2,precipitacao
2019-03-31,2100,0.0,27.8,29.0,precipitacao
2019-03-31,2200,2.6,25.1,27.8,precipitacao
2019-03-31,2300,22.2,23.5,25.1,precipitacao
2019-04-04,0,0.0,25.9,26.7,precipitacao
2019-04-04,100,0.0,25.5,25.9,precipitacao
2019-04-04,200,0.0,25.6,25.7,precipitacao
2019-04-04,300,0.0,24.8,25.6,precipitacao
2019-04-04,400,0.0,24.5,24.9,precipitacao
2019-04-04,500,0.0,24.2,24.5,precipitacao
2019-04-04,600,19.6,23.6,24.2,precipitacao
2019-04-04,700,1.6,23.4,23.6,precipitacao
2019-04-04,800,0.4,23.1,23.4,precipitacao
2019-04-04,900,3.4,23.0,23.1,precipitacao
2019-04-04,1000,0.4,23.3,23.3,precipitacao
2019-04-04,1100,0.0,24.1,24.3,precipitacao
2019-04-04,1200,0.0,25.3,25.3,precipitacao
2019-04-04,1300,0.0,25.9,26.7,precipitacao
2019-04-04,1400,0.0,27.7,27.7,precipitacao
2019-04-04,1500,0.0,28.4,28.9,precipitacao
2019-04-04,1600,0.0,28.2,29.1,precipitacao
2019-04-04,1700,0.0,29.0,29.4,precipitacao
2019-04-04,1800,0.0,27.3,29.6,precipitacao
2019-04-04,1900,0.0,27.5,27.5,precipitacao
2019-04-04,2000,0.0,25.2,27.8,precipitacao
2019-04-04,2100,0.4,24.1,25.2,precipitacao
2019-04-04,2200,6.2,22.8,24.1,precipitacao
2019-04-04,2300,21.2,22.5,22.8,precipitacao
2019-11-21,0,4.8,23.5,25.1,precipitacao
2019-11-21,100,8.0,22.6,23.5,precipitacao
2019-11-21,200,31.4,21.9,22.6,precipitacao
2019-11-21,300,2.0,22.4,22.4,precipitacao
2019-11-21,400,2.8,22.1,22.4,precipitacao
2019-11-21,500,1.0,22.0,22.2,precipitacao
2019-11-21,600,0.6,22.0,22.0,precipitacao
2019-11-21,700,0.6,21.8,22.0,precipitacao
2019-11-21,800,0.0,21.8,21.9,precipitacao
2019-11-21,900,0.0,21.9,22.0,precipitacao
2019-11-21,1000,0.0,22.2,22.3,precipitacao
2019-11-21,1100,0.0,23.4,23.5,precipitacao
2019-11-21,1200,0.0,24.2,24.6,precipitacao
2019-11-21,1300,0.0,25.2,25.5,precipitacao
2019-11-21,1400,0.0,26.0,26.4,precipitacao
2019-11-21,1500,0.0,26.5,26.8,precipitacao
2019-11-21,1600,0.0,27.1,27.7,precipitacao
2019-11-21,1700,0.0,28.3,28.5,precipitacao
2019-11-21,1800,0.0,28.4,28.7,precipitacao
2019-11-21,1900,0.0,28.4,28.5,precipitacao
2019-11-21,2000,0.0,27.6,28.4,precipitacao
2019-11-21,2100,0.0,26.3,27.6,precipitacao
2019-11-21,2200,0.0,25.7,26.2,precipitacao
2019-11-21,2300,0.0,25.5,26.2,precipitacao
2019-12-31,0,0.0,24.8,26.0,precipitacao
2019-12-31,100,5.4,22.9,24.8,precipitacao
2019-12-31,200,20.2,21.9,22.9,precipitacao
2019-12-31,300,20.2,21.0,22.0,precipitacao
2019-12-31,400,6.8,20.8,21.2,precipitacao
2019-12-31,500,3.2,21.2,21.3,precipitacao
2019-12-31,600,5.0,21.3,21.3,precipitacao
2019-12-31,700,2.2,21.5,21.5,precipitacao
2019-12-31,800,2.2,21.1,21.5,precipitacao
2019-12-31,900,4.0,21.2,21.2,precipitacao
2019-12-31,1000,1.4,21.5,21.5,precipitacao
2019-12-31,1100,0.2,22.2,22.2,precipitacao
2019-12-31,1200,0.2,22.2,22.3,precipitacao
2019-12-31,1300,0.4,23.2,23.7,precipitacao
2019-12-31,1400,0.6,23.2,23.4,precipitacao
2019-12-31,1500,0.4,25.2,25.2,precipitacao
2019-12-31,1600,0.0,25.9,26.2,precipitacao
2019-12-31,1700,0.0,26.6,26.8,precipitacao
2019-12-31,1800,0.0,26.6,26.7,precipitacao
2019-12-31,1900,0.0,26.8,27.2,precipitacao
2019-12-31,2000,0.0,26.6,27.2,precipitacao
2019-12-31,2100,0.0,25.8,26.6,precipitacao
2019-12-31,2200,0.0,25.0,25.9,precipitacao
2019-12-31,2300,0.0,24.7,25.0,precipitacao
2020-01-09,0,54.2,21.4,23.4,precipitacao
2020-01-09,100,2.8,22.0,22.0,precipitacao
2020-01-09,200,1.6,21.7,22.1,precipitacao
2020-01-09,300,0.2,21.8,21.8,precipitacao
2020-01-09,400,0.0,21.7,21.9,precipitacao
2020-01-09,500,0.0,22.0,22.1,precipitacao
2020-01-09,600,0.0,22.0,22.1,precipitacao
2020-01-09,700,0.0,22.1,22.2,precipitacao
2020-01-09,800,0.0,21.8,22.1,precipitacao
2020-01-09,900,0.0,22.2,22.2,precipitacao
2020-01-09,1000,0.0,22.9,22.9,precipitacao
2020-01-09,1100,0.0,23.5,23.5,precipitacao
2020-01-09,1200,0.0,25.3,25.3,precipitacao
2020-01-09,1300,0.0,26.6,26.6,precipitacao
2020-01-09,1400,0.0,27.5,28.3,precipitacao
2020-01-09,1500,0.0,28.5,29.1,precipitacao
2020-01-09,1600,0.0,29.3,30.3,precipitacao
2020-01-09,1700,0.0,30.8,30.8,precipitacao
2020-01-09,1800,0.0,31.5,31.5,precipitacao
2020-01-09,1900,0.0,31.6,31.8,precipitacao
2020-01-09,2000,0.0,30.7,31.6,precipitacao
2020-01-09,2100,0.0,29.6,30.7,precipitacao
2020-01-09,2200,0.0,25.6,29.6,precipitacao
2020-01-09,2300,0.0,24.0,25.6,precipitacao
2020-11-06,0,0.0,25.7,26.1,precipitacao
2020-11-06,100,0.0,25.6,25.8,precipitacao
2020-11-06,200,0.0,23.8,25.6,precipitacao
2020-11-06,300,24.2,23.4,24.0,precipitacao
2020-11-06,400,87.4,22.3,23.4,precipitacao
2020-11-06,500,21.8,21.6,22.6,precipitacao
2020-11-06,600,6.0,21.7,21.8,precipitacao
2020-11-06,700,8.6,21.4,21.7,precipitacao
2020-11-06,800,6.4,21.5,21.5,precipitacao
2020-11-06,900,3.4,21.6,21.6,precipitacao
2020-11-06,1000,1.8,21.9,21.9,precipitacao
2020-11-06,1100,0.4,22.1,22.2,precipitacao
2020-11-06,1200,0.2,23.3,23.3,precipitacao
2020-11-06,1300,0.0,24.4,24.6,precipitacao
2020-11-06,1400,0.0,26.1,26.1,precipitacao
2020-11-06,1500,0.0,27.6,27.9,precipitacao
2020-11-06,1600,0.0,28.4,28.9,precipitacao
2020-11-06,1700,0.0,28.1,29.0,precipitacao
2020-11-06,1800,0.0,27.7,28.4,precipitacao
2020-11-06,1900,0.0,27.2,27.9,precipitacao
2020-11-06,2000,0.0,26.8,27.2,precipitacao
2020-11-06,2100,0.0,26.1,26.8,precipitacao
2020-11-06,2200,0.0,25.4,26.1,precipitacao
2020-11-06,2300,0.0,25.0,25.4,precipitacao
2020-11-19,0,18.6,23.2,26.2,precipitacao
2020-11-19,100,0.2,23.2,23.3,precipitacao
2020-11-19,200,0.6,23.4,23.4,precipitacao
2020-11-19,300,0.2,23.2,23.4,precipitacao
2020-11-19,400,0.0,23.4,23.4,precipitacao
2020-11-19,500,0.4,23.1,23.5,precipitacao
2020-11-19,600,10.6,22.9,23.4,precipitacao
2020-11-19,700,0.4,23.0,23.0,precipitacao
2020-11-19,800,0.0,22.9,23.1,precipitacao
2020-11-19,900,0.0,22.8,22.9,precipitacao
2020-11-19,1000,0.0,23.3,23.3,precipitacao
2020-11-19,1100,0.0,23.4,23.6,precipitacao
2020-11-19,1200,0.0,23.9,23.9,precipitacao
2020-11-19,1300,0.0,23.6,24.1,precipitacao
2020-11-19,1400,4.8,23.3,23.6,precipitacao
2020-11-19,1500,26.0,21.6,23.3,precipitacao
2020-11-19,1600,5.0,22.4,22.4,precipitacao
2020-11-19,1700,1.4,22.2,22.6,precipitacao
2020-11-19,1800,1.2,22.8,22.8,precipitacao
2020-11-19,1900,0.2,23.1,23.1,precipitacao
2020-11-19,2000,0.2,23.2,23.2,precipitacao
2020-11-19,2100,0.0,23.0,23.3,precipitacao
2020-11-19,2200,0.4,22.8,23.0,precipitacao
2020-11-19,2300,0.0,22.7,22.8,precipitacao
2021-02-22,0,0.0,24.1,24.4,precipitacao
2021-02-22,100,0.0,24.0,24.2,precipitacao
2021-02-22,200,6.6,21.8,24.0,precipitacao
2021-02-22,300,35.4,21.4,21.8,precipitacao
2021-02-22,400,15.4,21.8,21.8,precipitacao
2021-02-22,500,1.6,21.8,21.8,precipitacao
2021-02-22,600,4.4,21.5,21.8,precipitacao
2021-02-22,700,5.2,21.5,21.5,precipitacao
2021-02-22,800,2.4,21.5,21.5,precipitacao
2021-02-22,900,11.6,21.7,21.7,precipitacao
2021-02-22,1000,4.8,21.7,21.8,precipitacao
2021-02-22,1100,2.8,21.9,21.9,precipitacao
2021-02-22,1200,0.0,22.4,22.4,precipitacao
2021-02-22,1300,0.0,23.6,23.6,precipitacao
2021-02-22,1400,0.0,24.7,24.9,precipitacao
2021-02-22,1500,0.0,25.7,26.5,precipitacao
2021-02-22,1600,0.0,26.3,26.7,precipitacao
2021-02-22,1700,0.0,27.2,27.6,precipitacao
2021-02-22,1800,0.0,27.0,27.4,precipitacao
2021-02-22,1900,0.2,26.4,27.0,precipitacao
2021-02-22,2000,0.0,25.0,26.4,precipitacao
2021-02-22,2100,3.6,22.9,25.0,precipitacao
2021-02-22,2200,2.6,22.7,22.9,precipitacao
2021-02-22,2300,0.4,22.6,22.8,precipitacao
2021-03-01,0,0.0,24.0,24.2,precipitacao
2021-03-01,100,0.0,23.8,24.0,precipitacao
2021-03-01,200,2.2,23.6,23.9,precipitacao
2021-03-01,300,6.6,23.0,23.6,precipitacao
2021-03-01,400,28.0,22.5,23.0,precipitacao
2021-03-01,500,16.6,22.3,22.5,precipitacao
2021-03-01,600,1.0,22.4,22.4,precipitacao
2021-03-01,700,0.4,22.5,22.5,precipitacao
2021-03-01,800,0.4,22.6,22.6,precipitacao
2021-03-01,900,0.4,22.6,22.6,precipitacao
2021-03-01,1000,5.0,22.5,22.6,precipitacao
2021-03-01,1100,2.8,22.6,22.7,precipitacao
2021-03-01,1200,0.2,23.3,23.3,precipitacao
2021-03-01,1300,0.2,23.4,23.4,precipitacao
2021-03-01,1400,0.0,24.1,24.2,precipitacao
2021-03-01,1500,0.0,25.1,25.1,precipitacao
2021-03-01,1600,0.0,26.0,26.4,precipitacao
2021-03-01,1700,0.0,26.2,26.3,precipitacao
2021-03-01,1800,0.0,25.6,26.3,precipitacao
2021-03-01,1900,0.0,26.5,26.6,precipitacao
2021-03-01,2000,0.0,25.7,26.4,precipitacao
2021-03-01,2100,0.0,25.4,25.9,precipitacao
2021-03-01,2200,0.0,23.9,25.4,precipitacao
2021-03-01,2300,0.0,24.0,24.0,precipitacao
2021-03-03,0,0.0,23.5,23.6,precipitacao
2021-03-03,100,0.0,23.4,23.6,precipitacao
2021-03-03,200,0.0,23.3,23.4,precipitacao
2021-03-03,300,7.4,22.9,23.3,precipitacao
2021-03-03,400,7.0,22.6,22.9,precipitacao
2021-03-03,500,14.2,22.3,22.6,precipitacao
2021-03-03,600,27.0,22.1,22.4,precipitacao
2021-03-03,700,9.8,22.1,22.2,precipitacao
2021-03-03,800,0.2,22.2,22.3,precipitacao
2021-03-03,900,0.0,22.3,22.3,precipitacao
2021-03-03,1000,0.0,22.6,22.6,precipitacao
2021-03-03,1100,0.0,23.2,23.2,precipitacao
2021-03-03,1200,0.0,24.1,24.3,precipitacao
2021-03-03,1300,0.0,25.4,25.4,precipitacao
2021-03-03,1400,0.0,25.9,25.9,precipitacao
2021-03-03,1500,0.0,27.1,27.9,precipitacao
2021-03-03,1600,0.0,28.4,28.5,precipitacao
2021-03-03,1700,0.0,28.7,28.9,precipitacao
2021-03-03,1800,0.0,29.1,29.3,precipitacao
2021-03-03,1900,0.0,28.3,29.4,precipitacao
2021-03-03,2000,0.0,28.9,29.6,precipitacao
2021-03-03,2100,0.0,27.8,29.0,precipitacao
2021-03-03,2200,0.0,26.7,27.8,precipitacao
2021-03-03,2300,0.0,25.0,26.7,precipitacao
2021-03-05,0,0.0,25.8,26.4,precipitacao
2021-03-05,100,0.0,25.1,25.8,precipitacao
2021-03-05,200,32.8,21.0,25.4,precipitacao
2021-03-05,300,10.4,21.4,21.4,precipitacao
2021-03-05,400,5.2,21.6,21.6,precipitacao
2021-03-05,500,2.6,21.8,21.8,precipitacao
2021-03-05,600,0.4,21.7,21.9,precipitacao
2021-03-05,700,0.2,21.7,21.8,precipitacao
2021-03-05,800,0.0,21.7,21.8,precipitacao
2021-03-05,900,0.0,21.5,21.7,precipitacao
2021-03-05,1000,0.0,21.8,21.8,precipitacao
2021-03-05,1100,0.0,22.8,22.9,precipitacao
2021-03-05,1200,0.0,25.5,25.5,precipitacao
2021-03-05,1300,0.0,27.3,27.3,precipitacao
2021-03-05,1400,0.0,28.7,29.0,precipitacao
2021-03-05,1500,0.0,28.2,29.3,precipitacao
2021-03-05,1600,0.0,29.6,29.9,precipitacao
2021-03-05,1700,2.0,28.0,30.0,precipitacao
2021-03-05,1800,0.0,29.1,29.8,precipitacao
2021-03-05,1900,0.0,29.3,29.6,precipitacao
2021-03-05,2000,5.6,25.1,29.4,precipitacao
2021-03-05,2100,0.0,24.8,25.1,precipitacao
2021-03-05,2200,0.0,24.6,24.8,precipitacao
2021-03-05,2300,0.0,24.4,24.6,precipitacao
