2008-09-25,0,0.0,24.6,24.7,precipitacao
2008-09-25,100,1.0,23.9,24.7,precipitacao
2008-09-25,200,0.0,23.7,23.9,precipitacao
2008-09-25,300,0.4,22.8,23.7,precipitacao
2008-09-25,400,1.8,21.9,22.8,precipitacao
2008-09-25,500,4.4,22.0,22.1,precipitacao
2008-09-25,600,2.0,22.2,22.3,precipitacao
2008-09-25,700,11.0,22.0,22.2,precipitacao
2008-09-25,800,18.2,21.9,22.0,precipitacao
2008-09-25,900,22.8,21.9,22.2,precipitacao
2008-09-25,1000,6.4,21.5,22.1,precipitacao
2008-09-25,1100,13.4,21.6,21.6,precipitacao
2008-09-25,1200,7.4,21.4,21.9,precipitacao
2008-09-25,1300,2.8,22.0,22.2,precipitacao
2008-09-25,1400,1.2,22.5,23.2,precipitacao
2008-09-25,1500,2.2,22.2,22.8,precipitacao
2008-09-25,1600,5.6,22.2,22.6,precipitacao
2008-09-25,1700,0.8,21.8,22.8,precipitacao
2008-09-25,1800,1.2,22.4,22.4,precipitacao
2008-09-25,1900,0.8,22.4,22.5,precipitacao
2008-09-25,2000,0.0,22.3,22.5,precipitacao
2008-09-25,2100,0.4,22.1,22.7,precipitacao
2008-09-25,2200,0.4,22.0,22.4,precipitacao
2008-09-25,2300,0.4,21.6,22.0,precipitacao
2008-12-22,0,0.0,25.9,26.1,precipitacao
2008-12-22,100,0.0,26.0,26.0,precipitacao
2008-12-22,200,0.0,25.4,26.1,precipitacao
2008-12-22,300,0.0,25.1,25.8,precipitacao
2008-12-22,400,1.4,24.5,25.1,precipitacao
2008-12-22,500,0.0,24.5,24.6,precipitacao
2008-12-22,600,12.2,23.0,24.5,precipitacao
2008-12-22,700,0.2,23.0,23.2,precipitacao
2008-12-22,800,0.6,23.6,23.7,precipitacao
2008-12-22,900,2.6,23.5,23.7,precipitacao
2008-12-22,1000,6.2,22.9,23.7,precipitacao
2008-12-22,1100,1.2,25.3,25.5,precipitacao
2008-12-22,1200,0.2,24.9,25.9,precipitacao
2008-12-22,1300,17.8,22.6,26.2,precipitacao
2008-12-22,1400,12.0,23.0,23.6,precipitacao
2008-12-22,1500,9.4,23.3,23.4,precipitacao
2008-12-22,1600,2.0,23.5,23.7,precipitacao
2008-12-22,1700,0.6,24.4,24.6,precipitacao
2008-12-22,1800,0.2,25.0,25.1,precipitacao
2008-12-22,1900,0.0,25.8,25.8,precipitacao
2008-12-22,2000,0.0,25.2,25.8,precipitacao
2008-12-22,2100,0.0,24.4,25.2,precipitacao
2008-12-22,2200,0.0,24.2,24.4,precipitacao
2008-12-22,2300,0.0,23.6,24.2,precipitacao
2009-02-22,0,0.0,26.2,26.4,precipitacao
2009-02-22,100,0.0,26.5,26.7,precipitacao
2009-02-22,200,0.0,26.6,27.0,precipitacao
2009-02-22,300,0.0,25.9,26.7,precipitacao
2009-02-22,400,0.0,24.0,25.9,precipitacao
2009-02-22,500,0.0,23.6,24.0,precipitacao
2009-02-22,600,0.0,23.9,24.0,precipitacao
2009-02-22,700,0.0,24.7,24.8,precipitacao
2009-02-22,800,0.0,24.4,24.8,precipitacao
2009-02-22,900,0.2,24.3,24.5,precipitacao
2009-02-22,1000,18.6,23.6,24.5,precipitacao
2009-02-22,1100,0.4,25.9,25.9,precipitacao
2009-02-22,1200,0.2,24.5,26.8,precipitacao
2009-02-22,1300,0.0,26.8,26.9,precipitacao
2009-02-22,1400,0.0,27.8,27.9,precipitacao
2009-02-22,1500,0.2,26.0,29.3,precipitacao
2009-02-22,1600,27.4,22.3,26.2,precipitacao
2009-02-22,1700,10.4,23.3,23.4,precipitacao
2009-02-22,1800,1.0,24.8,24.8,precipitacao
2009-02-22,1900,3.2,25.0,25.9,precipitacao
2009-02-22,2000,0.0,26.2,26.2,precipitacao
2009-02-22,2100,0.0,26.3,26.3,precipitacao
2009-02-22,2200,0.0,26.2,26.3,precipitacao
2009-02-22,2300,0.0,24.9,26.2,precipitacao
2009-05-05,0,0.6,24.3,24.5,precipitacao
2009-05-05,100,1.6,23.7,24.3,precipitacao
2009-05-05,200,0.0,23.7,23.8,precipitacao
2009-05-05,300,2.2,23.6,23.7,precipitacao
2009-05-05,400,37.4,23.3,23.6,precipitacao
2009-05-05,500,7.6,23.2,23.5,precipitacao
2009-05-05,600,11.4,22.3,23.3,precipitacao
2009-05-05,700,5.2,22.3,22.8,precipitacao
2009-05-05,800,1.6,22.9,22.9,precipitacao
2009-05-05,900,3.2,22.6,22.9,precipitacao
2009-05-05,1000,1.2,22.5,22.9,precipitacao
2009-05-05,1100,0.2,23.2,23.2,precipitacao
2009-05-05,1200,0.2,23.9,24.0,precipitacao
2009-05-05,1300,0.0,25.0,25.1,precipitacao
2009-05-05,1400,0.0,27.7,28.1,precipitacao
2009-05-05,1500,0.0,27.3,28.4,precipitacao
2009-05-05,1600,0.0,27.0,27.6,precipitacao
2009-05-05,1700,0.6,23.4,27.6,precipitacao
2009-05-05,1800,4.6,24.0,24.1,precipitacao
2009-05-05,1900,4.2,24.8,24.8,precipitacao
2009-05-05,2000,0.0,25.1,25.2,precipitacao
2009-05-05,2100,0.0,25.1,25.2,precipitacao
2009-05-05,2200,0.0,24.7,25.2,precipitacao
2009-05-05,2300,0.0,24.6,25.0,precipitacao
2009-05-18,0,8.6,24.1,24.4,precipitacao
2009-05-18,100,9.2,24.1,24.4,precipitacao
2009-05-18,200,0.2,24.7,24.7,precipitacao
2009-05-18,300,0.0,24.9,24.9,precipitacao
2009-05-18,400,0.6,24.4,24.9,precipitacao
2009-05-18,500,8.8,23.4,24.4,precipitacao
2009-05-18,600,15.4,23.5,23.5,precipitacao
2009-05-18,700,9.8,23.4,23.5,precipitacao
2009-05-18,800,16.8,23.6,23.7,precipitacao
2009-05-18,900,18.6,23.3,23.6,precipitacao
2009-05-18,1000,2.6,23.5,23.5,precipitacao
2009-05-18,1100,2.4,22.8,23.5,precipitacao
2009-05-18,1200,15.2,22.3,22.8,precipitacao
2009-05-18,1300,6.6,22.5,22.7,precipitacao
2009-05-18,1400,2.4,22.6,22.7,precipitacao
2009-05-18,1500,3.4,23.0,23.1,precipitacao
2009-05-18,1600,0.4,23.7,23.8,precipitacao
2009-05-18,1700,0.2,23.7,24.7,precipitacao
2009-05-18,1800,0.0,24.7,25.0,precipitacao
2009-05-18,1900,0.4,24.0,24.8,precipitacao
2009-05-18,2000,0.0,25.3,25.3,precipitacao
2009-05-18,2100,0.0,25.1,25.3,precipitacao
2009-05-18,2200,0.0,23.9,25.3,precipitacao
2009-05-18,2300,0.0,24.3,24.7,precipitacao
2009-08-22,0,0.0,25.6,25.6,precipitacao
2009-08-22,100,0.0,25.7,25.8,precipitacao
2009-08-22,200,0.0,25.8,25.8,precipitacao
2009-08-22,300,0.0,25.8,25.9,precipitacao
2009-08-22,400,0.0,25.7,25.8,precipitacao
2009-08-22,500,0.0,25.7,25.8,precipitacao
2009-08-22,600,0.0,24.3,25.7,precipitacao
2009-08-22,700,0.0,24.2,24.3,precipitacao
2009-08-22,800,0.0,24.1,24.2,precipitacao
2009-08-22,900,0.0,23.9,24.2,precipitacao
2009-08-22,1000,0.0,24.5,24.5,precipitacao
2009-08-22,1100,0.0,26.0,26.0,precipitacao
2009-08-22,1200,0.0,25.7,26.4,precipitacao
2009-08-22,1300,0.0,25.7,26.0,precipitacao
2009-08-22,1400,8.6,23.9,25.7,precipitacao
2009-08-22,1500,30.0,22.5,23.9,precipitacao
2009-08-22,1600,12.4,22.6,23.2,precipitacao
2009-08-22,1700,2.4,22.9,23.0,precipitacao
2009-08-22,1800,0.0,24.1,24.1,precipitacao
2009-08-22,1900,0.2,24.3,24.6,precipitacao
2009-08-22,2000,0.0,23.9,24.3,precipitacao
2009-08-22,2100,0.0,23.3,23.9,precipitacao
2009-08-22,2200,0.0,22.9,23.3,precipitacao
2009-08-22,2300,0.0,22.4,22.9,precipitacao
2009-08-31,0,0.8,21.1,21.2,precipitacao
2009-08-31,100,1.8,20.8,21.2,precipitacao
2009-08-31,200,7.0,20.8,21.1,precipitacao
2009-08-31,300,7.0,20.4,20.8,precipitacao
2009-08-31,400,11.8,19.8,20.4,precipitacao
2009-08-31,500,8.8,19.9,20.2,precipitacao
2009-08-31,600,13.0,19.7,20.0,precipitacao
2009-08-31,700,6.0,20.0,20.2,precipitacao
2009-08-31,800,3.8,20.1,20.2,precipitacao
2009-08-31,900,0.2,20.7,21.0,precipitacao
2009-08-31,1000,8.8,20.3,20.7,precipitacao
2009-08-31,1100,8.2,21.4,21.5,precipitacao
2009-08-31,1200,0.0,23.0,24.1,precipitacao
2009-08-31,1300,0.0,24.5,24.5,precipitacao
2009-08-31,1400,0.0,26.2,26.8,precipitacao
2009-08-31,1500,0.0,26.8,27.1,precipitacao
2009-08-31,1600,0.0,25.9,27.0,precipitacao
2009-08-31,1700,0.0,25.8,26.6,precipitacao
2009-08-31,1800,0.0,26.5,26.6,precipitacao
2009-08-31,1900,0.0,25.5,26.5,precipitacao
2009-08-31,2000,0.0,24.8,25.6,precipitacao
2009-08-31,2100,0.0,24.2,24.8,precipitacao
2009-08-31,2200,0.0,24.1,24.3,precipitacao
2009-08-31,2300,0.0,23.8,24.1,precipitacao
2010-03-05,0,0.0,26.8,27.7,precipitacao
2010-03-05,100,0.0,26.8,26.9,precipitacao
2010-03-05,200,0.0,26.7,26.9,precipitacao
2010-03-05,300,11.8,25.3,27.2,precipitacao
2010-03-05,400,34.2,24.2,25.5,precipitacao
2010-03-05,500,0.0,24.8,24.8,precipitacao
2010-03-05,600,0.0,25.4,25.4,precipitacao
2010-03-05,700,0.0,25.8,25.9,precipitacao
2010-03-05,800,0.0,25.8,26.0,precipitacao
2010-03-05,900,0.0,25.9,26.0,precipitacao
2010-03-05,1000,0.2,26.0,26.1,precipitacao
2010-03-05,1100,0.0,27.1,27.1,precipitacao
2010-03-05,1200,0.0,25.8,28.1,precipitacao
2010-03-05,1300,0.0,27.1,27.3,precipitacao
2010-03-05,1400,0.0,28.2,28.5,precipitacao
2010-03-05,1500,0.0,28.7,29.7,precipitacao
2010-03-05,1600,0.0,29.0,29.5,precipitacao
2010-03-05,1700,0.4,26.6,29.4,precipitacao
2010-03-05,1800,4.4,25.9,26.7,precipitacao
2010-03-05,1900,4.8,25.7,26.0,precipitacao
2010-03-05,2000,1.6,26.2,26.2,precipitacao
2010-03-05,2100,0.0,26.3,26.4,precipitacao
2010-03-05,2200,0.0,26.5,26.6,precipitacao
2010-03-05,2300,0.0,26.5,27.1,precipitacao
2010-03-23,0,0.0,28.1,28.5,precipitacao
2010-03-23,100,0.0,28.6,28.6,precipitacao
2010-03-23,200,0.0,27.4,28.7,precipitacao
2010-03-23,300,3.2,25.7,27.7,precipitacao
2010-03-23,400,24.4,23.4,25.9,precipitacao
2010-03-23,500,16.8,23.1,23.8,precipitacao
2010-03-23,600,3.8,23.6,23.9,precipitacao
2010-03-23,700,2.6,23.6,23.7,precipitacao
2010-03-23,800,1.6,23.7,23.7,precipitacao
2010-03-23,900,1.0,23.6,23.7,precipitacao
2010-03-23,1000,0.0,23.9,23.9,precipitacao
2010-03-23,1100,0.0,24.9,25.0,precipitacao
2010-03-23,1200,0.0,25.4,25.5,precipitacao
2010-03-23,1300,0.0,26.8,27.1,precipitacao
2010-03-23,1400,0.0,27.4,28.3,precipitacao
2010-03-23,1500,0.0,28.0,28.3,precipitacao
2010-03-23,1600,0.0,29.0,29.2,precipitacao
2010-03-23,1700,0.0,29.3,29.6,precipitacao
2010-03-23,1800,0.0,29.5,29.7,precipitacao
2010-03-23,1900,0.0,28.6,29.7,precipitacao
2010-03-23,2000,0.0,28.0,29.1,precipitacao
2010-03-23,2100,0.0,26.2,28.0,precipitacao
2010-03-23,2200,0.0,25.5,26.2,precipitacao
2010-03-23,2300,1.0,24.6,25.6,precipitacao
2010-04-14,0,0.2,25.2,25.3,precipitacao
2010-04-14,100,0.0,24.5,25.2,precipitacao
2010-04-14,200,5.4,24.7,24.8,precipitacao
2010-04-14,300,0.2,25.9,25.9,precipitacao
2010-04-14,400,2.2,25.2,26.0,precipitacao
2010-04-14,500,0.6,25.7,26.1,precipitacao
2010-04-14,600,0.0,25.9,25.9,precipitacao
2010-04-14,700,0.0,24.5,26.2,precipitacao
2010-04-14,800,1.8,23.8,24.4,precipitacao
2010-04-14,900,0.2,24.2,24.3,precipitacao
2010-04-14,1000,1.4,24.0,24.4,precipitacao
2010-04-14,1100,1.0,23.9,24.4,precipitacao
2010-04-14,1200,23.6,23.7,24.0,precipitacao
2010-04-14,1300,15.2,23.8,24.0,precipitacao
2010-04-14,1400,6.4,24.0,24.0,precipitacao
2010-04-14,1500,2.0,26.8,27.1,precipitacao
2010-04-14,1600,0.0,27.9,28.3,precipitacao
2010-04-14,1700,4.0,24.9,28.0,precipitacao
2010-04-14,1800,0.8,27.2,27.2,precipitacao
2010-04-14,1900,0.2,25.0,27.2,precipitacao
2010-04-14,2000,0.2,24.6,25.0,precipitacao
2010-04-14,2100,0.4,25.4,25.8,precipitacao
2010-04-14,2200,0.6,24.5,25.4,precipitacao
2010-04-14,2300,0.4,24.8,24.8,precipitacao
2010-04-15,0,0.0,25.0,25.1,precipitacao
2010-04-15,100,9.6,24.0,25.4,precipitacao
2010-04-15,200,11.8,23.7,24.0,precipitacao
2010-04-15,300,6.8,23.2,23.9,precipitacao
2010-04-15,400,2.2,23.5,23.6,precipitacao
2010-04-15,500,18.6,23.0,23.5,precipitacao
2010-04-15,600,5.0,23.1,23.1,precipitacao
2010-04-15,700,0.8,23.2,23.4,precipitacao
2010-04-15,800,0.4,23.2,23.3,precipitacao
2010-04-15,900,0.6,23.3,23.4,precipitacao
2010-04-15,1000,3.4,23.6,23.7,precipitacao
2010-04-15,1100,3.8,23.8,23.8,precipitacao
2010-04-15,1200,0.8,24.7,24.7,precipitacao
2010-04-15,1300,2.6,24.4,24.7,precipitacao
2010-04-15,1400,0.2,26.2,26.3,precipitacao
2010-04-15,1500,3.6,24.5,27.5,precipitacao
2010-04-15,1600,5.4,24.8,24.8,precipitacao
2010-04-15,1700,1.0,25.8,26.0,precipitacao
2010-04-15,1800,9.6,24.8,25.8,precipitacao
2010-04-15,1900,1.0,25.0,25.0,precipitacao
2010-04-15,2000,0.4,24.7,25.3,precipitacao
2010-04-15,2100,3.0,24.4,24.8,precipitacao
2010-04-15,2200,1.4,24.6,24.6,precipitacao
2010-04-15,2300,0.2,24.4,24.6,precipitacao
2010-05-15,0,0.0,25.6,25.7,precipitacao
2010-05-15,100,5.8,24.8,25.8,precipitacao
2010-05-15,200,4.2,25.1,25.1,precipitacao
2010-05-15,300,3.2,24.6,25.2,precipitacao
2010-05-15,400,1.4,24.6,24.7,precipitacao
2010-05-15,500,4.0,24.4,24.6,precipitacao
2010-05-15,600,0.2,24.5,24.5,precipitacao
2010-05-15,700,2.0,24.4,24.5,precipitacao
2010-05-15,800,24.0,23.8,24.5,precipitacao
2010-05-15,900,5.8,23.9,24.0,precipitacao
2010-05-15,1000,32.8,24.6,24.6,precipitacao
2010-05-15,1100,0.2,25.0,25.2,precipitacao
2010-05-15,1200,0.0,25.0,25.3,precipitacao
2010-05-15,1300,3.4,24.5,25.2,precipitacao
2010-05-15,1400,0.8,25.3,25.3,precipitacao
2010-05-15,1500,0.0,26.0,26.2,precipitacao
2010-05-15,1600,5.0,25.3,26.0,precipitacao
2010-05-15,1700,0.0,26.7,26.7,precipitacao
2010-05-15,1800,3.4,25.7,27.5,precipitacao
2010-05-15,1900,0.2,25.9,25.9,precipitacao
2010-05-15,2000,0.8,24.8,26.0,precipitacao
2010-05-15,2100,3.4,25.0,25.0,precipitacao
2010-05-15,2200,1.0,25.2,25.4,precipitacao
2010-05-15,2300,0.4,25.6,25.6,precipitacao
2011-01-12,0,0.0,27.2,27.3,precipitacao
2011-01-12,100,0.0,27.4,27.4,precipitacao
2011-01-12,200,0.0,27.3,27.4,precipitacao
2011-01-12,300,0.4,25.8,27.4,precipitacao
2011-01-12,400,5.4,26.9,26.9,precipitacao
2011-01-12,500,0.4,26.9,27.0,precipitacao
2011-01-12,600,1.2,26.5,26.9,precipitacao
2011-01-12,700,1.8,24.7,26.8,precipitacao
2011-01-12,800,22.0,24.0,24.9,precipitacao
2011-01-12,900,13.6,24.3,24.4,precipitacao
2011-01-12,1000,4.6,23.5,24.5,precipitacao
2011-01-12,1100,2.8,23.3,23.6,precipitacao
2011-01-12,1200,1.0,23.7,23.7,precipitacao
2011-01-12,1300,1.0,23.8,23.8,precipitacao
2011-01-12,1400,0.2,25.0,25.1,precipitacao
2011-01-12,1500,0.0,25.8,25.9,precipitacao
2011-01-12,1600,0.0,25.9,26.0,precipitacao
2011-01-12,1700,0.0,26.2,26.4,precipitacao
2011-01-12,1800,0.0,26.5,26.6,precipitacao
2011-01-12,1900,0.0,26.6,27.1,precipitacao
2011-01-12,2000,0.0,26.5,26.8,precipitacao
2011-01-12,2100,0.0,26.3,26.6,precipitacao
2011-01-12,2200,0.0,26.3,26.4,precipitacao
2011-01-12,2300,0.0,26.0,26.3,precipitacao
2011-02-10,0,0.0,26.8,26.8,precipitacao
2011-02-10,100,0.0,27.1,27.2,precipitacao
2011-02-10,200,0.0,26.5,27.1,precipitacao
2011-02-10,300,0.0,25.7,26.6,precipitacao
2011-02-10,400,1.6,24.4,26.0,precipitacao
2011-02-10,500,0.2,24.6,25.4,precipitacao
2011-02-10,600,0.0,24.4,24.5,precipitacao
2011-02-10,700,0.0,24.9,25.0,precipitacao
2011-02-10,800,1.8,24.0,25.5,precipitacao
2011-02-10,900,0.0,24.1,24.1,precipitacao
2011-02-10,1000,0.6,25.6,26.2,precipitacao
2011-02-10,1100,15.4,24.1,25.6,precipitacao
2011-02-10,1200,5.6,24.7,25.7,precipitacao
2011-02-10,1300,46.2,22.7,24.7,precipitacao
2011-02-10,1400,16.2,24.7,24.7,precipitacao
2011-02-10,1500,7.0,24.1,25.3,precipitacao
2011-02-10,1600,16.0,23.3,24.5,precipitacao
2011-02-10,1700,6.6,24.3,24.3,precipitacao
2011-02-10,1800,0.6,25.4,25.5,precipitacao
2011-02-10,1900,0.0,27.2,27.4,precipitacao
2011-02-10,2000,0.0,27.0,27.6,precipitacao
2011-02-10,2100,0.0,25.8,27.0,precipitacao
2011-02-10,2200,0.0,25.5,25.8,precipitacao
2011-02-10,2300,0.0,25.4,25.5,precipitacao
2011-03-11,0,0.0,28.1,28.1,precipitacao
2011-03-11,100,0.0,28.1,28.2,precipitacao
2011-03-11,200,0.0,28.2,28.2,precipitacao
2011-03-11,300,0.0,28.0,28.2,precipitacao
2011-03-11,400,0.0,25.8,28.1,precipitacao
2011-03-11,500,4.6,24.7,25.8,precipitacao
2011-03-11,600,23.4,24.3,24.8,precipitacao
2011-03-11,700,2.8,23.8,25.0,precipitacao
2011-03-11,800,37.4,24.0,24.3,precipitacao
2011-03-11,900,2.2,25.0,25.3,precipitacao
2011-03-11,1000,2.2,24.8,25.5,precipitacao
2011-03-11,1100,0.6,25.5,25.5,precipitacao
2011-03-11,1200,0.0,26.3,26.3,precipitacao
2011-03-11,1300,0.0,27.3,27.3,precipitacao
2011-03-11,1400,0.0,28.4,28.5,precipitacao
2011-03-11,1500,0.0,28.6,28.9,precipitacao
2011-03-11,1600,0.0,29.8,30.1,precipitacao
2011-03-11,1700,0.0,30.3,30.9,precipitacao
2011-03-11,1800,0.0,29.3,30.3,precipitacao
2011-03-11,1900,0.0,28.2,29.3,precipitacao
2011-03-11,2000,0.0,27.7,28.2,precipitacao
2011-03-11,2100,0.0,26.8,27.7,precipitacao
2011-03-11,2200,0.0,26.6,26.8,precipitacao
2011-03-11,2300,0.0,26.8,26.9,precipitacao
2011-03-23,0,19.0,23.5,23.8,precipitacao
2011-03-23,100,27.4,24.0,24.0,precipitacao
2011-03-23,200,3.0,24.1,24.4,precipitacao
2011-03-23,300,1.0,23.5,24.1,precipitacao
2011-03-23,400,7.8,23.4,23.6,precipitacao
2011-03-23,500,0.0,23.6,23.6,precipitacao
2011-03-23,600,0.0,23.8,23.9,precipitacao
2011-03-23,700,0.2,23.4,23.8,precipitacao
2011-03-23,800,0.4,23.5,23.5,precipitacao
2011-03-23,900,1.2,23.4,23.6,precipitacao
2011-03-23,1000,0.6,24.4,24.4,precipitacao
2011-03-23,1100,0.0,26.3,26.6,precipitacao
2011-03-23,1200,0.0,27.9,27.9,precipitacao
2011-03-23,1300,0.0,29.8,29.9,precipitacao
2011-03-23,1400,0.0,29.0,29.8,precipitacao
2011-03-23,1500,0.0,29.8,30.3,precipitacao
2011-03-23,1600,0.0,29.7,30.2,precipitacao
2011-03-23,1700,0.0,29.7,30.2,precipitacao
2011-03-23,1800,0.0,28.5,30.0,precipitacao
2011-03-23,1900,0.0,27.9,28.9,precipitacao
2011-03-23,2000,0.0,26.4,28.0,precipitacao
2011-03-23,2100,0.0,25.7,26.4,precipitacao
2011-03-23,2200,0.0,25.8,26.1,precipitacao
2011-03-23,2300,4.0,24.5,25.8,precipitacao
2011-04-16,0,0.0,25.8,26.1,precipitacao
2011-04-16,100,2.6,24.5,25.8,precipitacao
2011-04-16,200,0.2,24.3,24.7,precipitacao
2011-04-16,300,2.6,24.2,24.4,precipitacao
2011-04-16,400,0.0,24.1,24.4,precipitacao
2011-04-16,500,5.0,23.9,24.1,precipitacao
2011-04-16,600,5.0,23.6,24.0,precipitacao
2011-04-16,700,8.2,23.7,23.8,precipitacao
2011-04-16,800,0.2,24.0,24.0,precipitacao
2011-04-16,900,2.2,24.8,24.9,precipitacao
2011-04-16,1000,2.0,24.5,25.2,precipitacao
2011-04-16,1100,11.6,23.5,25.2,precipitacao
2011-04-16,1200,3.0,24.6,24.6,precipitacao
2011-04-16,1300,0.0,25.9,25.9,precipitacao
2011-04-16,1400,4.6,24.7,26.0,precipitacao
2011-04-16,1500,0.0,26.9,26.9,precipitacao
2011-04-16,1600,7.8,24.6,27.1,precipitacao
2011-04-16,1700,0.0,26.1,26.3,precipitacao
2011-04-16,1800,6.2,24.6,26.6,precipitacao
2011-04-16,1900,0.0,25.6,26.0,precipitacao
2011-04-16,2000,2.8,25.2,26.8,precipitacao
2011-04-16,2100,0.2,25.2,25.2,precipitacao
2011-04-16,2200,2.6,23.9,25.8,precipitacao
2011-04-16,2300,0.0,24.7,24.7,precipitacao
2011-04-19,0,0.0,25.1,26.2,precipitacao
2011-04-19,100,0.0,24.9,25.1,precipitacao
2011-04-19,200,0.0,24.8,24.9,precipitacao
2011-04-19,300,0.0,24.6,24.8,precipitacao
2011-04-19,400,0.0,24.4,24.7,precipitacao
2011-04-19,500,0.0,24.3,24.6,precipitacao
2011-04-19,600,0.0,23.8,24.4,precipitacao
2011-04-19,700,0.0,23.8,24.1,precipitacao
2011-04-19,800,2.6,23.2,23.8,precipitacao
2011-04-19,900,13.8,23.0,23.5,precipitacao
2011-04-19,1000,3.0,23.8,23.8,precipitacao
2011-04-19,1100,1.2,23.9,24.0,precipitacao
2011-04-19,1200,16.6,22.4,24.1,precipitacao
2011-04-19,1300,6.6,23.4,23.4,precipitacao
2011-04-19,1400,6.6,23.6,23.6,precipitacao
2011-04-19,1500,0.6,24.4,24.4,precipitacao
2011-04-19,1600,0.8,25.4,25.4,precipitacao
2011-04-19,1700,0.0,27.1,27.1,precipitacao
2011-04-19,1800,0.0,26.2,27.2,precipitacao
2011-04-19,1900,4.0,23.9,26.4,precipitacao
2011-04-19,2000,0.0,24.4,24.4,precipitacao
2011-04-19,2100,0.0,24.5,24.5,precipitacao
2011-04-19,2200,0.0,24.4,24.7,precipitacao
2011-04-19,2300,0.0,24.2,24.5,precipitacao
2011-06-13,0,3.6,21.8,22.7,precipitacao
2011-06-13,100,3.4,21.5,21.9,precipitacao
2011-06-13,200,5.2,21.1,21.5,precipitacao
2011-06-13,300,3.8,21.0,21.2,precipitacao
2011-06-13,400,2.0,20.9,21.0,precipitacao
2011-06-13,500,0.8,20.8,21.0,precipitacao
2011-06-13,600,1.6,20.8,20.8,precipitacao
2011-06-13,700,1.4,20.3,20.8,precipitacao
2011-06-13,800,1.2,19.9,20.4,precipitacao
2011-06-13,900,1.6,19.6,19.9,precipitacao
2011-06-13,1000,1.4,19.6,19.7,precipitacao
2011-06-13,1100,1.0,19.9,19.9,precipitacao
2011-06-13,1200,1.2,20.1,20.2,precipitacao
2011-06-13,1300,1.2,20.7,20.7,precipitacao
2011-06-13,1400,1.2,20.9,21.1,precipitacao
2011-06-13,1500,4.0,21.2,21.3,precipitacao
2011-06-13,1600,2.8,21.5,21.7,precipitacao
2011-06-13,1700,2.4,21.8,21.8,precipitacao
2011-06-13,1800,4.6,21.6,22.0,precipitacao
2011-06-13,1900,13.0,21.6,21.8,precipitacao
2011-06-13,2000,4.8,21.9,21.9,precipitacao
2011-06-13,2100,5.4,21.9,21.9,precipitacao
2011-06-13,2200,0.2,21.9,22.0,precipitacao
2011-06-13,2300,1.2,21.9,22.0,precipitacao
2011-06-14,0,6.0,21.7,21.9,precipitacao
2011-06-14,100,3.6,22.0,22.2,precipitacao
2011-06-14,200,0.2,21.9,22.4,precipitacao
2011-06-14,300,7.0,21.2,22.2,precipitacao
2011-06-14,400,14.0,21.3,21.3,precipitacao
2011-06-14,500,3.0,21.3,21.8,precipitacao
2011-06-14,600,0.0,21.4,21.5,precipitacao
2011-06-14,700,0.0,21.2,21.4,precipitacao
2011-06-14,800,0.0,21.4,21.4,precipitacao
2011-06-14,900,1.2,21.2,21.4,precipitacao
2011-06-14,1000,9.2,21.2,21.2,precipitacao
2011-06-14,1100,1.0,21.3,21.7,precipitacao
2011-06-14,1200,8.0,21.3,21.4,precipitacao
2011-06-14,1300,4.8,21.8,22.6,precipitacao
2011-06-14,1400,4.2,22.8,22.9,precipitacao
2011-06-14,1500,0.0,25.2,25.4,precipitacao
2011-06-14,1600,0.0,25.9,26.5,precipitacao
2011-06-14,1700,0.0,25.5,26.1,precipitacao
2011-06-14,1800,0.0,24.4,25.5,precipitacao
2011-06-14,1900,0.0,24.9,24.9,precipitacao
2011-06-14,2000,0.0,24.5,24.9,precipitacao
2011-06-14,2100,0.0,23.5,24.5,precipitacao
2011-06-14,2200,0.0,22.3,23.5,precipitacao
2011-06-14,2300,0.0,22.6,22.7,precipitacao
2011-06-30,0,0.0,22.6,22.7,precipitacao
2011-06-30,100,12.6,22.4,22.8,precipitacao
2011-06-30,200,15.0,22.0,22.4,precipitacao
2011-06-30,300,0.6,22.5,22.5,precipitacao
2011-06-30,400,8.2,22.1,22.6,precipitacao
2011-06-30,500,2.2,22.4,22.6,precipitacao
2011-06-30,600,5.0,21.9,22.5,precipitacao
2011-06-30,700,3.4,21.9,22.0,precipitacao
2011-06-30,800,1.4,22.1,22.2,precipitacao
2011-06-30,900,0.0,22.5,22.6,precipitacao
2011-06-30,1000,2.0,22.1,22.6,precipitacao
2011-06-30,1100,2.0,23.0,23.0,precipitacao
2011-06-30,1200,0.0,23.9,24.6,precipitacao
2011-06-30,1300,0.0,24.3,25.5,precipitacao
2011-06-30,1400,1.4,26.2,26.3,precipitacao
2011-06-30,1500,0.4,25.7,26.5,precipitacao
2011-06-30,1600,0.0,26.1,26.7,precipitacao
2011-06-30,1700,0.0,25.2,27.0,precipitacao
2011-06-30,1800,0.0,25.8,25.9,precipitacao
2011-06-30,1900,0.0,25.9,26.2,precipitacao
2011-06-30,2000,0.0,25.5,25.9,precipitacao
2011-06-30,2100,0.0,25.1,25.5,precipitacao
2011-06-30,2200,0.2,23.6,25.1,precipitacao
2011-06-30,2300,0.2,23.1,23.7,precipitacao
2011-10-22,0,1.4,19.4,19.9,precipitacao
2011-10-22,100,1.2,19.4,19.4,precipitacao
2011-10-22,200,2.8,19.5,19.5,precipitacao
2011-10-22,300,5.6,19.7,19.9,precipitacao
2011-10-22,400,7.4,19.6,19.7,precipitacao
2011-10-22,500,5.4,19.9,19.9,precipitacao
2011-10-22,600,6.0,20.0,20.2,precipitacao
2011-10-22,700,6.0,20.2,20.2,precipitacao
2011-10-22,800,6.8,20.3,20.4,precipitacao
2011-10-22,900,13.4,20.3,20.3,precipitacao
2011-10-22,1000,13.2,22.2,22.3,precipitacao
2011-10-22,1100,18.8,21.3,22.4,precipitacao
2011-10-22,1200,6.2,21.2,21.3,precipitacao
2011-10-22,1300,6.2,22.2,22.2,precipitacao
2011-10-22,1400,0.4,22.8,22.9,precipitacao
2011-10-22,1500,9.8,22.3,24.2,precipitacao
2011-10-22,1600,2.6,24.4,24.7,precipitacao
2011-10-22,1700,0.0,25.6,26.8,precipitacao
2011-10-22,1800,0.0,27.2,27.4,precipitacao
2011-10-22,1900,0.0,26.0,27.2,precipitacao
2011-10-22,2000,0.0,25.3,26.2,precipitacao
2011-10-22,2100,0.0,23.7,25.3,precipitacao
2011-10-22,2200,0.0,23.1,23.7,precipitacao
2011-10-22,2300,0.0,23.0,23.1,precipitacao
2011-12-12,0,0.0,25.6,25.8,precipitacao
2011-12-12,100,5.8,24.2,25.7,precipitacao
2011-12-12,200,9.2,23.6,24.2,precipitacao
2011-12-12,300,19.8,23.1,23.6,precipitacao
2011-12-12,400,6.4,23.1,23.3,precipitacao
2011-12-12,500,5.2,22.9,23.1,precipitacao
2011-12-12,600,8.0,22.6,23.0,precipitacao
2011-12-12,700,7.2,22.3,22.7,precipitacao
2011-12-12,800,5.6,21.7,22.3,precipitacao
2011-12-12,900,2.6,22.0,22.0,precipitacao
2011-12-12,1000,0.4,22.4,22.4,precipitacao
2011-12-12,1100,0.2,23.4,23.4,precipitacao
2011-12-12,1200,0.0,24.3,24.3,precipitacao
2011-12-12,1300,0.2,25.0,25.1,precipitacao
2011-12-12,1400,0.0,25.1,25.5,precipitacao
2011-12-12,1500,0.0,25.5,25.6,precipitacao
2011-12-12,1600,0.0,25.5,25.9,precipitacao
2011-12-12,1700,0.0,25.8,26.0,precipitacao
2011-12-12,1800,0.0,26.0,26.2,precipitacao
2011-12-12,1900,0.0,25.1,26.0,precipitacao
2011-12-12,2000,0.0,24.8,25.2,precipitacao
2011-12-12,2100,0.0,24.2,24.8,precipitacao
2011-12-12,2200,0.0,23.8,24.2,precipitacao
2011-12-12,2300,0.0,23.5,23.8,precipitacao
2012-04-19,0,0.0,23.6,23.8,precipitacao
2012-04-19,100,0.0,24.3,24.3,precipitacao
2012-04-19,200,0.2,23.9,24.3,precipitacao
2012-04-19,300,0.0,23.8,23.9,precipitacao
2012-04-19,400,0.0,23.3,23.8,precipitacao
2012-04-19,500,0.0,23.6,23.6,precipitacao
2012-04-19,600,0.6,22.9,23.7,precipitacao
2012-04-19,700,9.2,22.1,23.0,precipitacao
2012-04-19,800,1.0,22.2,22.2,precipitacao
2012-04-19,900,0.4,22.3,22.3,precipitacao
2012-04-19,1000,17.4,22.2,22.6,precipitacao
2012-04-19,1100,6.6,22.5,22.6,precipitacao
2012-04-19,1200,15.0,22.7,23.0,precipitacao
2012-04-19,1300,2.8,24.0,24.8,precipitacao
2012-04-19,1400,0.0,27.8,27.8,precipitacao
2012-04-19,1500,0.0,27.3,27.9,precipitacao
2012-04-19,1600,0.0,27.5,28.5,precipitacao
2012-04-19,1700,0.0,26.7,27.5,precipitacao
2012-04-19,1800,0.0,27.3,28.1,precipitacao
2012-04-19,1900,0.0,24.9,27.3,precipitacao
2012-04-19,2000,0.2,24.7,25.4,precipitacao
2012-04-19,2100,0.8,23.1,25.4,precipitacao
2012-04-19,2200,0.0,24.5,24.5,precipitacao
2012-04-19,2300,0.0,24.9,24.9,precipitacao
2012-05-20,0,0.0,25.5,25.6,precipitacao
2012-05-20,100,0.0,23.8,25.5,precipitacao
2012-05-20,200,0.0,23.3,23.8,precipitacao
2012-05-20,300,0.0,23.0,23.3,precipitacao
2012-05-20,400,0.0,22.7,23.0,precipitacao
2012-05-20,500,0.0,22.5,22.7,precipitacao
2012-05-20,600,0.0,22.6,22.7,precipitacao
2012-05-20,700,0.0,22.5,22.8,precipitacao
2012-05-20,800,0.0,22.2,22.5,precipitacao
2012-05-20,900,0.0,22.4,22.4,precipitacao
2012-05-20,1000,0.0,23.0,23.0,precipitacao
2012-05-20,1100,0.0,23.3,23.3,precipitacao
2012-05-20,1200,0.0,24.3,24.4,precipitacao
2012-05-20,1300,8.6,22.1,24.3,precipitacao
2012-05-20,1400,2.4,23.0,23.1,precipitacao
2012-05-20,1500,1.2,23.5,23.8,precipitacao
2012-05-20,1600,0.8,23.5,24.1,precipitacao
2012-05-20,1700,0.6,23.6,23.9,precipitacao
2012-05-20,1800,4.0,22.5,23.6,precipitacao
2012-05-20,1900,3.0,22.4,23.1,precipitacao
2012-05-20,2000,7.0,22.0,22.6,precipitacao
2012-05-20,2100,5.6,22.8,22.8,precipitacao
2012-05-20,2200,11.6,22.5,22.8,precipitacao
2012-05-20,2300,31.2,21.7,22.5,precipitacao
2012-05-21,0,12.6,20.9,21.8,precipitacao
2012-05-21,100,12.4,20.5,20.9,precipitacao
2012-05-21,200,16.4,20.7,20.8,precipitacao
2012-05-21,300,5.8,20.4,20.8,precipitacao
2012-05-21,400,4.4,21.0,21.0,precipitacao
2012-05-21,500,1.4,21.3,21.7,precipitacao
2012-05-21,600,0.8,20.9,21.6,precipitacao
2012-05-21,700,1.0,21.0,21.0,precipitacao
2012-05-21,800,0.0,21.0,21.1,precipitacao
2012-05-21,900,0.2,21.1,21.2,precipitacao
2012-05-21,1000,0.0,21.5,21.6,precipitacao
2012-05-21,1100,0.0,21.9,21.9,precipitacao
2012-05-21,1200,0.0,23.1,23.2,precipitacao
2012-05-21,1300,0.0,24.3,24.3,precipitacao
2012-05-21,1400,0.0,24.3,24.8,precipitacao
2012-05-21,1500,0.0,24.4,24.5,precipitacao
2012-05-21,1600,0.0,25.2,25.2,precipitacao
2012-05-21,1700,2.2,22.3,25.6,precipitacao
2012-05-21,1800,5.0,22.6,22.7,precipitacao
2012-05-21,1900,0.2,22.5,22.8,precipitacao
2012-05-21,2000,0.0,22.5,22.7,precipitacao
2012-05-21,2100,5.8,21.7,22.5,precipitacao
2012-05-21,2200,6.8,21.7,21.9,precipitacao
2012-05-21,2300,6.4,21.7,21.8,precipitacao
2012-06-02,0,1.2,23.9,24.1,precipitacao
2012-06-02,100,0.4,23.7,23.9,precipitacao
2012-06-02,200,0.0,23.6,23.7,precipitacao
2012-06-02,300,0.0,23.6,23.8,precipitacao
2012-06-02,400,4.8,23.4,23.7,precipitacao
2012-06-02,500,5.0,23.2,23.5,precipitacao
2012-06-02,600,6.8,23.0,23.2,precipitacao
2012-06-02,700,21.2,22.8,22.9,precipitacao
2012-06-02,800,22.0,22.5,22.8,precipitacao
2012-06-02,900,16.2,22.6,22.6,precipitacao
2012-06-02,1000,1.4,23.1,23.1,precipitacao
2012-06-02,1100,0.0,23.6,23.6,precipitacao
2012-06-02,1200,3.0,23.9,24.1,precipitacao
2012-06-02,1300,1.2,24.5,24.5,precipitacao
2012-06-02,1400,0.0,26.3,26.3,precipitacao
2012-06-02,1500,0.0,27.3,27.7,precipitacao
2012-06-02,1600,0.0,27.8,27.8,precipitacao
2012-06-02,1700,0.0,26.5,27.8,precipitacao
2012-06-02,1800,0.0,26.0,27.3,precipitacao
2012-06-02,1900,0.0,26.3,26.8,precipitacao
2012-06-02,2000,0.0,25.2,26.3,precipitacao
2012-06-02,2100,0.0,23.6,25.3,precipitacao
2012-06-02,2200,1.0,23.4,23.6,precipitacao
2012-06-02,2300,0.0,23.7,23.8,precipitacao
2013-01-19,0,0.0,27.0,27.0,precipitacao
2013-01-19,100,0.0,26.9,27.1,precipitacao
2013-01-19,200,0.0,27.1,27.1,precipitacao
2013-01-19,300,0.0,27.0,27.1,precipitacao
2013-01-19,400,0.0,27.0,27.1,precipitacao
2013-01-19,500,0.0,27.0,27.0,precipitacao
2013-01-19,600,0.0,27.0,27.1,precipitacao
2013-01-19,700,0.0,27.0,27.1,precipitacao
2013-01-19,800,3.8,24.8,27.0,precipitacao
2013-01-19,900,35.6,23.5,24.8,precipitacao
2013-01-19,1000,9.0,24.2,24.2,precipitacao
2013-01-19,1100,0.6,24.2,24.4,precipitacao
2013-01-19,1200,29.6,24.1,24.3,precipitacao
2013-01-19,1300,7.8,24.5,24.6,precipitacao
2013-01-19,1400,0.2,25.8,25.8,precipitacao
2013-01-19,1500,0.0,27.4,27.4,precipitacao
2013-01-19,1600,0.0,27.7,28.1,precipitacao
2013-01-19,1700,0.0,25.9,27.7,precipitacao
2013-01-19,1800,1.6,24.4,26.0,precipitacao
2013-01-19,1900,0.6,24.1,24.4,precipitacao
2013-01-19,2000,0.4,24.3,24.3,precipitacao
2013-01-19,2100,0.0,24.4,24.4,precipitacao
2013-01-19,2200,0.0,24.6,24.8,precipitacao
2013-01-19,2300,0.0,24.1,24.6,precipitacao
2013-01-22,0,11.6,25.4,27.2,precipitacao
2013-01-22,100,6.2,25.5,25.8,precipitacao
2013-01-22,200,1.0,25.7,25.8,precipitacao
2013-01-22,300,0.4,25.2,25.7,precipitacao
2013-01-22,400,37.4,23.4,25.3,precipitacao
2013-01-22,500,35.4,23.4,23.9,precipitacao
2013-01-22,600,25.2,23.4,23.6,precipitacao
2013-01-22,700,3.4,23.8,23.9,precipitacao
2013-01-22,800,0.0,23.8,23.8,precipitacao
2013-01-22,900,0.0,23.7,23.9,precipitacao
2013-01-22,1000,0.0,24.2,24.2,precipitacao
2013-01-22,1100,0.0,25.0,25.0,precipitacao
2013-01-22,1200,0.0,26.4,26.4,precipitacao
2013-01-22,1300,0.0,27.6,27.9,precipitacao
2013-01-22,1400,0.0,26.6,27.6,precipitacao
2013-01-22,1500,0.0,27.4,27.5,precipitacao
2013-01-22,1600,0.0,27.6,28.5,precipitacao
2013-01-22,1700,0.0,27.2,27.9,precipitacao
2013-01-22,1800,0.2,27.6,27.7,precipitacao
2013-01-22,1900,0.0,26.6,27.7,precipitacao
2013-01-22,2000,0.0,26.5,26.8,precipitacao
2013-01-22,2100,0.0,26.2,26.5,precipitacao
2013-01-22,2200,0.0,26.0,26.2,precipitacao
2013-01-22,2300,0.0,26.0,26.1,precipitacao
2013-02-25,0,0.0,25.0,25.2,precipitacao
2013-02-25,100,0.0,25.3,25.3,precipitacao
2013-02-25,200,0.2,24.9,25.4,precipitacao
2013-02-25,300,0.0,24.8,25.0,precipitacao
2013-02-25,400,2.8,24.1,25.0,precipitacao
2013-02-25,500,22.8,23.2,24.1,precipitacao
2013-02-25,600,3.8,23.1,23.4,precipitacao
2013-02-25,700,0.6,23.2,23.2,precipitacao
2013-02-25,800,4.6,23.3,23.5,precipitacao
2013-02-25,900,3.6,23.0,23.5,precipitacao
2013-02-25,1000,0.2,24.0,24.0,precipitacao
2013-02-25,1100,3.8,23.1,24.1,precipitacao
2013-02-25,1200,3.4,23.9,23.9,precipitacao
2013-02-25,1300,4.0,24.3,25.3,precipitacao
2013-02-25,1400,7.2,24.3,25.2,precipitacao
2013-02-25,1500,2.2,24.0,25.0,precipitacao
2013-02-25,1600,0.8,26.3,26.3,precipitacao
2013-02-25,1700,0.0,27.5,27.6,precipitacao
2013-02-25,1800,1.0,24.9,27.7,precipitacao
2013-02-25,1900,0.4,24.1,25.1,precipitacao
2013-02-25,2000,0.0,25.5,25.5,precipitacao
2013-02-25,2100,0.0,25.1,25.8,precipitacao
2013-02-25,2200,3.0,23.8,25.1,precipitacao
2013-02-25,2300,0.0,24.3,24.3,precipitacao
2013-02-27,0,0.0,25.7,26.0,precipitacao
2013-02-27,100,0.0,26.1,26.1,precipitacao
2013-02-27,200,0.0,25.8,26.2,precipitacao
2013-02-27,300,0.0,24.7,25.9,precipitacao
2013-02-27,400,0.0,24.0,24.7,precipitacao
2013-02-27,500,0.0,24.1,24.1,precipitacao
2013-02-27,600,0.0,23.8,24.1,precipitacao
2013-02-27,700,0.0,24.7,24.7,precipitacao
2013-02-27,800,0.0,24.7,24.8,precipitacao
2013-02-27,900,0.0,24.7,24.9,precipitacao
2013-02-27,1000,4.0,24.9,25.8,precipitacao
2013-02-27,1100,4.6,26.1,27.4,precipitacao
2013-02-27,1200,17.0,24.6,26.1,precipitacao
2013-02-27,1300,35.2,24.4,24.9,precipitacao
2013-02-27,1400,3.0,26.7,26.8,precipitacao
2013-02-27,1500,0.0,28.5,28.5,precipitacao
2013-02-27,1600,0.0,28.8,29.3,precipitacao
2013-02-27,1700,0.0,29.9,29.9,precipitacao
2013-02-27,1800,0.0,29.3,29.9,precipitacao
2013-02-27,1900,0.0,28.9,29.6,precipitacao
2013-02-27,2000,0.0,28.5,29.0,precipitacao
2013-02-27,2100,0.0,27.4,28.5,precipitacao
2013-02-27,2200,0.0,26.8,27.4,precipitacao
2013-02-27,2300,0.0,26.7,27.0,precipitacao
2013-04-16,0,0.0,24.9,25.2,precipitacao
2013-04-16,100,1.6,24.7,25.1,precipitacao
2013-04-16,200,35.2,24.0,24.8,precipitacao
2013-04-16,300,4.6,24.5,24.7,precipitacao
2013-04-16,400,9.4,24.3,24.5,precipitacao
2013-04-16,500,0.4,24.2,24.4,precipitacao
2013-04-16,600,0.6,24.3,24.4,precipitacao
2013-04-16,700,0.4,24.3,24.5,precipitacao
2013-04-16,800,3.0,24.3,24.4,precipitacao
2013-04-16,900,0.0,24.3,24.3,precipitacao
2013-04-16,1000,5.6,24.1,24.3,precipitacao
2013-04-16,1100,69.4,23.8,24.1,precipitacao
2013-04-16,1200,3.8,24.6,24.6,precipitacao
2013-04-16,1300,0.0,25.4,25.4,precipitacao
2013-04-16,1400,0.0,27.6,28.1,precipitacao
2013-04-16,1500,0.0,28.7,28.9,precipitacao
2013-04-16,1600,0.0,29.5,29.8,precipitacao
2013-04-16,1700,0.0,29.3,29.8,precipitacao
2013-04-16,1800,0.0,28.9,29.6,precipitacao
2013-04-16,1900,0.0,28.0,29.5,precipitacao
2013-04-16,2000,0.0,27.4,28.0,precipitacao
2013-04-16,2100,0.0,27.1,27.5,precipitacao
2013-04-16,2200,0.0,26.8,27.1,precipitacao
2013-04-16,2300,0.0,26.6,26.8,precipitacao
2013-05-26,0,0.0,25.1,25.3,precipitacao
2013-05-26,100,0.0,24.9,25.2,precipitacao
2013-05-26,200,3.8,24.0,25.2,precipitacao
2013-05-26,300,9.0,23.6,24.4,precipitacao
2013-05-26,400,10.4,23.4,23.7,precipitacao
2013-05-26,500,29.4,22.9,23.5,precipitacao
2013-05-26,600,6.8,22.9,22.9,precipitacao
2013-05-26,700,2.0,22.9,23.0,precipitacao
2013-05-26,800,17.6,22.5,22.9,precipitacao
2013-05-26,900,16.4,21.9,22.6,precipitacao
2013-05-26,1000,18.0,22.4,22.4,precipitacao
2013-05-26,1100,2.4,23.1,23.1,precipitacao
2013-05-26,1200,1.4,22.7,23.1,precipitacao
2013-05-26,1300,4.8,22.9,22.9,precipitacao
2013-05-26,1400,0.0,24.0,24.0,precipitacao
2013-05-26,1500,4.6,23.2,24.4,precipitacao
2013-05-26,1600,1.2,24.5,24.5,precipitacao
2013-05-26,1700,0.2,25.3,25.4,precipitacao
2013-05-26,1800,2.6,22.8,25.4,precipitacao
2013-05-26,1900,28.8,22.4,22.8,precipitacao
2013-05-26,2000,9.0,22.9,22.9,precipitacao
2013-05-26,2100,0.6,23.0,23.0,precipitacao
2013-05-26,2200,0.4,22.8,23.5,precipitacao
2013-05-26,2300,0.4,22.7,23.0,precipitacao
2013-07-05,0,1.4,22.8,23.7,precipitacao
2013-07-05,100,0.0,22.4,22.8,precipitacao
2013-07-05,200,4.8,21.8,22.6,precipitacao
2013-07-05,300,0.8,22.3,22.3,precipitacao
2013-07-05,400,2.6,23.4,23.4,precipitacao
2013-07-05,500,0.0,23.6,23.7,precipitacao
2013-07-05,600,2.0,22.2,23.7,precipitacao
2013-07-05,700,0.0,23.2,23.4,precipitacao
2013-07-05,800,0.8,22.3,23.9,precipitacao
2013-07-05,900,0.2,23.7,23.7,precipitacao
2013-07-05,1000,0.0,24.2,24.2,precipitacao
2013-07-05,1100,0.0,24.8,24.8,precipitacao
2013-07-05,1200,4.2,22.2,24.8,precipitacao
2013-07-05,1300,4.0,22.6,23.0,precipitacao
2013-07-05,1400,2.0,22.6,22.9,precipitacao
2013-07-05,1500,0.8,24.2,24.2,precipitacao
2013-07-05,1600,0.4,24.2,25.5,precipitacao
2013-07-05,1700,0.4,24.9,25.3,precipitacao
2013-07-05,1800,25.4,21.7,25.1,precipitacao
2013-07-05,1900,5.2,22.2,22.2,precipitacao
2013-07-05,2000,0.2,23.2,23.2,precipitacao
2013-07-05,2100,0.8,23.1,23.2,precipitacao
2013-07-05,2200,0.0,22.2,23.1,precipitacao
2013-07-05,2300,0.8,22.0,22.3,precipitacao
2013-08-30,0,0.0,22.1,22.6,precipitacao
2013-08-30,100,14.0,21.7,22.2,precipitacao
2013-08-30,200,9.2,21.7,21.9,precipitacao
2013-08-30,300,8.4,21.7,22.0,precipitacao
2013-08-30,400,3.0,21.7,22.0,precipitacao
2013-08-30,500,2.2,21.6,21.8,precipitacao
2013-08-30,600,6.6,22.1,22.1,precipitacao
2013-08-30,700,9.0,20.6,22.2,precipitacao
2013-08-30,800,1.4,21.2,21.5,precipitacao
2013-08-30,900,1.8,21.5,21.7,precipitacao
2013-08-30,1000,2.8,21.6,21.8,precipitacao
2013-08-30,1100,0.0,22.4,22.7,precipitacao
2013-08-30,1200,0.0,23.6,23.6,precipitacao
2013-08-30,1300,0.2,23.2,24.2,precipitacao
2013-08-30,1400,0.0,23.8,24.2,precipitacao
2013-08-30,1500,0.0,23.6,23.8,precipitacao
2013-08-30,1600,0.0,24.2,24.2,precipitacao
2013-08-30,1700,0.0,23.8,24.4,precipitacao
2013-08-30,1800,0.0,25.3,25.3,precipitacao
2013-08-30,1900,0.0,24.5,25.4,precipitacao
2013-08-30,2000,0.0,23.9,24.5,precipitacao
2013-08-30,2100,0.0,23.7,24.0,precipitacao
2013-08-30,2200,0.0,23.6,23.8,precipitacao
2013-08-30,2300,0.0,22.4,23.8,precipitacao
2013-11-27,0,0.0,25.8,26.0,precipitacao
2013-11-27,100,0.0,25.8,25.8,precipitacao
2013-11-27,200,0.0,25.8,25.9,precipitacao
2013-11-27,300,0.0,25.1,25.9,precipitacao
2013-11-27,400,0.6,25.1,25.6,precipitacao
2013-11-27,500,2.2,24.4,25.2,precipitacao
2013-11-27,600,3.6,23.5,24.4,precipitacao
2013-11-27,700,0.6,23.4,23.9,precipitacao
2013-11-27,800,1.0,23.5,24.2,precipitacao
2013-11-27,900,0.0,25.3,25.4,precipitacao
2013-11-27,1000,0.0,26.0,26.0,precipitacao
2013-11-27,1100,0.0,26.2,26.9,precipitacao
2013-11-27,1200,0.2,25.7,27.1,precipitacao
2013-11-27,1300,0.4,25.1,25.7,precipitacao
2013-11-27,1400,15.4,23.5,25.1,precipitacao
2013-11-27,1500,24.0,23.5,23.7,precipitacao
2013-11-27,1600,0.6,24.0,24.6,precipitacao
2013-11-27,1700,1.6,23.7,24.0,precipitacao
2013-11-27,1800,2.2,24.1,24.2,precipitacao
2013-11-27,1900,0.8,24.0,24.2,precipitacao
2013-11-27,2000,0.2,24.4,24.4,precipitacao
2013-11-27,2100,12.0,24.0,24.5,precipitacao
2013-11-27,2200,7.6,23.9,24.1,precipitacao
2013-11-27,2300,16.2,22.8,24.0,precipitacao
2013-11-28,0,5.8,23.5,23.6,precipitacao
2013-11-28,100,7.0,23.6,23.7,precipitacao
2013-11-28,200,8.4,23.4,23.6,precipitacao
2013-11-28,300,4.8,23.8,23.8,precipitacao
2013-11-28,400,1.6,23.7,23.8,precipitacao
2013-11-28,500,1.6,24.7,24.8,precipitacao
2013-11-28,600,1.4,24.4,24.8,precipitacao
2013-11-28,700,0.6,24.6,24.7,precipitacao
2013-11-28,800,24.4,23.8,24.7,precipitacao
2013-11-28,900,43.0,22.8,24.0,precipitacao
2013-11-28,1000,30.2,22.6,23.1,precipitacao
2013-11-28,1100,26.2,22.8,22.8,precipitacao
2013-11-28,1200,24.2,23.1,23.2,precipitacao
2013-11-28,1300,23.6,23.0,23.2,precipitacao
2013-11-28,1400,22.4,22.9,23.2,precipitacao
2013-11-28,1500,12.2,23.2,23.2,precipitacao
2013-11-28,1600,1.6,24.0,24.0,precipitacao
2013-11-28,1700,0.4,24.2,24.3,precipitacao
2013-11-28,1800,0.8,23.8,24.3,precipitacao
2013-11-28,1900,4.4,22.2,24.3,precipitacao
2013-11-28,2000,22.4,22.5,22.5,precipitacao
2013-11-28,2100,3.2,22.5,22.7,precipitacao
2013-11-28,2200,0.6,23.1,23.3,precipitacao
2013-11-28,2300,0.6,22.9,23.1,precipitacao
2014-01-25,0,0.0,22.8,23.1,precipitacao
2014-01-25,100,0.0,23.4,23.4,precipitacao
2014-01-25,200,0.0,23.8,24.0,precipitacao
2014-01-25,300,0.0,22.9,23.8,precipitacao
2014-01-25,400,0.0,23.1,23.3,precipitacao
2014-01-25,500,0.0,22.9,23.1,precipitacao
2014-01-25,600,8.2,22.5,23.4,precipitacao
2014-01-25,700,8.2,23.2,23.2,precipitacao
2014-01-25,800,15.2,21.7,23.4,precipitacao
2014-01-25,900,25.0,21.0,21.8,precipitacao
2014-01-25,1000,33.4,22.2,22.2,precipitacao
2014-01-25,1100,34.2,22.1,22.6,precipitacao
2014-01-25,1200,3.8,22.5,22.8,precipitacao
2014-01-25,1300,0.0,23.9,23.9,precipitacao
2014-01-25,1400,0.0,26.2,26.5,precipitacao
2014-01-25,1500,0.0,27.6,27.8,precipitacao
2014-01-25,1600,0.0,27.8,28.8,precipitacao
2014-01-25,1700,0.0,28.7,28.9,precipitacao
2014-01-25,1800,0.0,28.8,29.2,precipitacao
2014-01-25,1900,0.0,28.1,29.1,precipitacao
2014-01-25,2000,0.0,28.1,28.8,precipitacao
2014-01-25,2100,0.0,26.9,28.1,precipitacao
2014-01-25,2200,0.0,26.6,26.9,precipitacao
2014-01-25,2300,0.0,26.7,26.8,precipitacao
2014-07-22,0,4.6,21.0,21.2,precipitacao
2014-07-22,100,0.0,21.8,21.9,precipitacao
2014-07-22,200,0.0,22.3,22.5,precipitacao
2014-07-22,300,0.2,21.6,22.3,precipitacao
2014-07-22,400,0.0,21.0,22.0,precipitacao
2014-07-22,500,0.8,20.9,21.2,precipitacao
2014-07-22,600,1.4,21.2,21.2,precipitacao
2014-07-22,700,0.0,21.5,21.5,precipitacao
2014-07-22,800,0.2,21.4,21.6,precipitacao
2014-07-22,900,0.8,21.5,21.6,precipitacao
2014-07-22,1000,2.8,21.2,21.6,precipitacao
2014-07-22,1100,8.4,20.9,21.2,precipitacao
2014-07-22,1200,0.2,22.2,22.4,precipitacao
2014-07-22,1300,0.2,22.5,22.8,precipitacao
2014-07-22,1400,0.0,21.6,23.0,precipitacao
2014-07-22,1500,15.2,21.3,21.6,precipitacao
2014-07-22,1600,10.8,21.6,21.6,precipitacao
2014-07-22,1700,0.2,22.4,23.4,precipitacao
2014-07-22,1800,0.0,22.7,22.8,precipitacao
2014-07-22,1900,0.0,23.0,23.0,precipitacao
2014-07-22,2000,0.4,22.2,23.6,precipitacao
2014-07-22,2100,0.2,21.2,22.2,precipitacao
2014-07-22,2200,0.4,21.1,21.3,precipitacao
2014-07-22,2300,3.4,21.0,21.1,precipitacao
2014-07-30,0,0.0,22.8,23.6,precipitacao
2014-07-30,100,1.0,21.8,22.8,precipitacao
2014-07-30,200,2.6,21.5,21.9,precipitacao
2014-07-30,300,0.8,21.2,21.5,precipitacao
2014-07-30,400,2.4,21.2,21.3,precipitacao
2014-07-30,500,0.6,20.9,21.2,precipitacao
2014-07-30,600,0.4,21.2,21.2,precipitacao
2014-07-30,700,2.6,21.1,21.2,precipitacao
2014-07-30,800,0.4,21.2,21.2,precipitacao
2014-07-30,900,0.4,21.1,21.3,precipitacao
2014-07-30,1000,3.0,20.9,21.1,precipitacao
2014-07-30,1100,0.2,22.0,22.1,precipitacao
2014-07-30,1200,0.4,23.1,23.2,precipitacao
2014-07-30,1300,0.6,22.8,23.7,precipitacao
2014-07-30,1400,5.4,22.6,23.2,precipitacao
2014-07-30,1500,10.0,22.4,22.7,precipitacao
2014-07-30,1600,0.6,22.7,23.2,precipitacao
2014-07-30,1700,1.2,22.3,23.0,precipitacao
2014-07-30,1800,0.2,22.8,22.9,precipitacao
2014-07-30,1900,1.2,21.6,23.4,precipitacao
2014-07-30,2000,8.6,21.2,21.6,precipitacao
2014-07-30,2100,8.2,20.9,21.4,precipitacao
2014-07-30,2200,1.8,20.8,21.1,precipitacao
2014-07-30,2300,0.0,21.2,21.3,precipitacao
2014-12-06,0,0.0,25.7,26.0,precipitacao
2014-12-06,100,0.0,24.7,25.8,precipitacao
2014-12-06,200,0.0,25.2,25.5,precipitacao
2014-12-06,300,0.0,25.1,25.3,precipitacao
2014-12-06,400,0.0,25.2,25.5,precipitacao
2014-12-06,500,0.0,24.6,25.3,precipitacao
2014-12-06,600,0.0,24.1,24.6,precipitacao
2014-12-06,700,9.8,23.5,24.3,precipitacao
2014-12-06,800,3.4,23.6,23.6,precipitacao
2014-12-06,900,0.6,23.6,23.7,precipitacao
2014-12-06,1000,1.2,23.8,24.0,precipitacao
2014-12-06,1100,7.0,23.4,23.8,precipitacao
2014-12-06,1200,2.0,23.8,23.8,precipitacao
2014-12-06,1300,0.8,23.7,24.0,precipitacao
2014-12-06,1400,28.0,21.9,23.7,precipitacao
2014-12-06,1500,3.6,23.8,24.0,precipitacao
2014-12-06,1600,0.8,24.2,24.7,precipitacao
2014-12-06,1700,0.0,24.9,25.0,precipitacao
2014-12-06,1800,0.0,25.6,25.6,precipitacao
2014-12-06,1900,0.0,25.6,25.7,precipitacao
2014-12-06,2000,0.0,25.0,25.6,precipitacao
2014-12-06,2100,0.0,24.9,25.2,precipitacao
2014-12-06,2200,0.0,24.2,24.9,precipitacao
2014-12-06,2300,0.0,24.1,24.2,precipitacao
2014-12-12,0,0.2,24.4,25.6,precipitacao
2014-12-12,100,0.0,25.4,25.4,precipitacao
2014-12-12,200,1.6,24.2,25.9,precipitacao
2014-12-12,300,0.2,25.3,25.4,precipitacao
2014-12-12,400,0.0,25.1,25.5,precipitacao
2014-12-12,500,0.4,24.1,25.1,precipitacao
2014-12-12,600,0.0,24.1,24.2,precipitacao
2014-12-12,700,4.2,23.7,24.1,precipitacao
2014-12-12,800,19.0,22.3,23.8,precipitacao
2014-12-12,900,28.8,21.6,22.6,precipitacao
2014-12-12,1000,8.8,22.3,22.4,precipitacao
2014-12-12,1100,2.4,22.6,22.8,precipitacao
2014-12-12,1200,0.8,24.8,24.9,precipitacao
2014-12-12,1300,0.2,26.4,26.4,precipitacao
2014-12-12,1400,0.0,26.2,27.5,precipitacao
2014-12-12,1500,0.0,28.2,28.8,precipitacao
2014-12-12,1600,0.0,28.7,28.8,precipitacao
2014-12-12,1700,0.0,28.5,29.0,precipitacao
2014-12-12,1800,0.0,25.4,28.9,precipitacao
2014-12-12,1900,0.0,26.5,27.9,precipitacao
2014-12-12,2000,0.0,26.9,27.7,precipitacao
2014-12-12,2100,0.0,26.0,27.0,precipitacao
2014-12-12,2200,0.0,26.0,26.1,precipitacao
2014-12-12,2300,0.0,25.9,26.0,precipitacao
2014-12-15,0,0.0,26.1,26.5,precipitacao
2014-12-15,100,0.0,26.3,26.4,precipitacao
2014-12-15,200,0.0,26.0,26.4,precipitacao
2014-12-15,300,0.0,26.0,26.3,precipitacao
2014-12-15,400,0.0,25.6,26.3,precipitacao
2014-12-15,500,0.8,25.5,25.6,precipitacao
2014-12-15,600,0.0,25.1,25.6,precipitacao
2014-12-15,700,0.4,25.9,26.0,precipitacao
2014-12-15,800,0.0,25.4,26.1,precipitacao
2014-12-15,900,16.8,24.3,25.4,precipitacao
2014-12-15,1000,0.6,24.8,24.8,precipitacao
2014-12-15,1100,0.0,25.5,25.7,precipitacao
2014-12-15,1200,0.0,26.2,26.3,precipitacao
2014-12-15,1300,0.0,26.7,26.7,precipitacao
2014-12-15,1400,0.0,27.2,27.4,precipitacao
2014-12-15,1500,0.0,27.2,27.7,precipitacao
2014-12-15,1600,0.0,27.3,27.4,precipitacao
2014-12-15,1700,0.2,26.6,27.5,precipitacao
2014-12-15,1800,5.2,25.7,26.6,precipitacao
2014-12-15,1900,3.2,25.3,25.7,precipitacao
2014-12-15,2000,35.4,22.7,25.3,precipitacao
2014-12-15,2100,11.6,22.8,22.8,precipitacao
2014-12-15,2200,0.2,23.6,23.6,precipitacao
2014-12-15,2300,0.2,23.2,23.7,precipitacao
2014-12-18,0,0.0,25.4,25.5,precipitacao
2014-12-18,100,0.0,25.5,25.8,precipitacao
2014-12-18,200,1.0,25.5,25.6,precipitacao
2014-12-18,300,2.4,25.1,25.7,precipitacao
2014-12-18,400,2.2,24.8,25.1,precipitacao
2014-12-18,500,3.6,24.0,24.8,precipitacao
2014-12-18,600,5.6,24.1,24.3,precipitacao
2014-12-18,700,5.4,23.4,24.2,precipitacao
2014-12-18,800,4.4,23.6,23.8,precipitacao
2014-12-18,900,9.8,23.8,23.9,precipitacao
2014-12-18,1000,3.8,23.8,24.3,precipitacao
2014-12-18,1100,3.8,24.1,24.2,precipitacao
2014-12-18,1200,46.6,22.9,24.1,precipitacao
2014-12-18,1300,9.0,23.2,23.2,precipitacao
2014-12-18,1400,16.0,22.9,23.7,precipitacao
2014-12-18,1500,2.2,23.7,23.9,precipitacao
2014-12-18,1600,1.6,24.0,24.0,precipitacao
2014-12-18,1700,0.4,24.6,24.7,precipitacao
2014-12-18,1800,1.4,24.8,24.8,precipitacao
2014-12-18,1900,0.2,25.0,25.1,precipitacao
2014-12-18,2000,0.2,24.8,25.0,precipitacao
2014-12-18,2100,0.2,24.6,24.8,precipitacao
2014-12-18,2200,2.8,24.2,24.6,precipitacao
2014-12-18,2300,0.2,24.7,24.8,precipitacao
2015-01-18,0,0.0,25.7,25.8,precipitacao
2015-01-18,100,0.0,26.1,26.3,precipitacao
2015-01-18,200,0.0,26.2,26.3,precipitacao
2015-01-18,300,0.0,25.0,26.2,precipitacao
2015-01-18,400,0.0,25.2,25.2,precipitacao
2015-01-18,500,0.0,25.9,26.0,precipitacao
2015-01-18,600,0.0,25.9,26.1,precipitacao
2015-01-18,700,0.0,24.9,26.0,precipitacao
2015-01-18,800,7.6,22.7,25.3,precipitacao
2015-01-18,900,26.4,24.2,24.6,precipitacao
2015-01-18,1000,8.4,23.0,24.2,precipitacao
2015-01-18,1100,0.0,24.8,24.8,precipitacao
2015-01-18,1200,16.2,23.8,24.9,precipitacao
2015-01-18,1300,1.8,25.5,25.5,precipitacao
2015-01-18,1400,0.0,28.4,28.4,precipitacao
2015-01-18,1500,0.0,28.9,29.8,precipitacao
2015-01-18,1600,0.0,29.2,29.6,precipitacao
2015-01-18,1700,0.0,28.9,29.8,precipitacao
2015-01-18,1800,0.0,28.5,29.7,precipitacao
2015-01-18,1900,0.0,28.6,29.2,precipitacao
2015-01-18,2000,0.0,27.8,28.8,precipitacao
2015-01-18,2100,0.0,26.6,28.0,precipitacao
2015-01-18,2200,0.0,26.0,26.6,precipitacao
2015-01-18,2300,0.0,25.8,26.1,precipitacao
2015-04-08,0,0.0,26.1,26.2,precipitacao
2015-04-08,100,0.0,25.9,26.3,precipitacao
2015-04-08,200,0.0,25.7,25.9,precipitacao
2015-04-08,300,0.0,25.4,25.8,precipitacao
2015-04-08,400,0.0,25.4,25.5,precipitacao
2015-04-08,500,0.0,25.4,25.4,precipitacao
2015-04-08,600,0.0,25.3,25.4,precipitacao
2015-04-08,700,0.0,25.3,25.5,precipitacao
2015-04-08,800,13.4,23.3,25.4,precipitacao
2015-04-08,900,22.6,22.2,23.7,precipitacao
2015-04-08,1000,16.6,23.2,23.3,precipitacao
2015-04-08,1100,7.8,23.5,23.5,precipitacao
2015-04-08,1200,4.2,23.6,23.6,precipitacao
2015-04-08,1300,3.4,23.6,23.7,precipitacao
2015-04-08,1400,2.6,24.3,24.4,precipitacao
2015-04-08,1500,0.0,24.6,24.7,precipitacao
2015-04-08,1600,0.0,25.3,25.3,precipitacao
2015-04-08,1700,0.0,25.8,25.8,precipitacao
2015-04-08,1800,0.0,25.3,25.8,precipitacao
2015-04-08,1900,0.0,25.0,25.6,precipitacao
2015-04-08,2000,0.0,25.7,25.9,precipitacao
2015-04-08,2100,0.0,25.2,25.7,precipitacao
2015-04-08,2200,0.0,25.0,25.3,precipitacao
2015-04-08,2300,0.2,24.5,25.2,precipitacao
2015-04-26,0,0.0,24.7,25.2,precipitacao
2015-04-26,100,0.0,24.4,24.7,precipitacao
2015-04-26,200,0.0,24.4,24.6,precipitacao
2015-04-26,300,0.0,24.3,24.4,precipitacao
2015-04-26,400,0.0,24.1,24.4,precipitacao
2015-04-26,500,0.0,24.9,24.9,precipitacao
2015-04-26,600,0.0,25.2,25.5,precipitacao
2015-04-26,700,0.0,25.0,25.3,precipitacao
2015-04-26,800,0.0,24.5,25.0,precipitacao
2015-04-26,900,0.0,24.8,24.8,precipitacao
2015-04-26,1000,0.0,25.3,25.3,precipitacao
2015-04-26,1100,0.0,26.6,26.6,precipitacao
2015-04-26,1200,0.0,26.8,28.5,precipitacao
2015-04-26,1300,2.8,24.9,26.8,precipitacao
2015-04-26,1400,0.0,26.7,26.9,precipitacao
2015-04-26,1500,0.0,27.2,28.3,precipitacao
2015-04-26,1600,11.4,24.2,27.3,precipitacao
2015-04-26,1700,1.8,25.1,25.2,precipitacao
2015-04-26,1800,0.4,25.1,25.3,precipitacao
2015-04-26,1900,1.0,24.6,25.2,precipitacao
2015-04-26,2000,17.0,24.0,24.7,precipitacao
2015-04-26,2100,13.4,23.4,24.3,precipitacao
2015-04-26,2200,7.0,23.3,23.5,precipitacao
2015-04-26,2300,1.4,24.2,24.2,precipitacao
2015-11-27,0,0.0,26.6,26.6,precipitacao
2015-11-27,100,0.0,26.6,26.7,precipitacao
2015-11-27,200,0.0,25.8,26.7,precipitacao
2015-11-27,300,0.2,25.4,25.8,precipitacao
2015-11-27,400,1.2,25.4,25.4,precipitacao
2015-11-27,500,27.4,24.2,25.3,precipitacao
2015-11-27,600,36.4,23.9,24.2,precipitacao
2015-11-27,700,6.6,23.1,24.0,precipitacao
2015-11-27,800,4.0,24.2,24.2,precipitacao
2015-11-27,900,2.4,24.1,24.3,precipitacao
2015-11-27,1000,3.0,24.2,24.2,precipitacao
2015-11-27,1100,0.2,25.1,25.5,precipitacao
2015-11-27,1200,0.2,25.9,26.1,precipitacao
2015-11-27,1300,0.0,26.2,27.0,precipitacao
2015-11-27,1400,3.0,24.9,26.5,precipitacao
2015-11-27,1500,17.2,24.5,25.3,precipitacao
2015-11-27,1600,1.0,26.4,26.6,precipitacao
2015-11-27,1700,0.0,27.1,27.6,precipitacao
2015-11-27,1800,0.0,26.7,28.4,precipitacao
2015-11-27,1900,0.0,26.1,26.8,precipitacao
2015-11-27,2000,0.0,26.3,26.5,precipitacao
2015-11-27,2100,0.0,25.5,26.3,precipitacao
2015-11-27,2200,0.0,25.4,25.6,precipitacao
2015-11-27,2300,0.0,25.5,25.6,precipitacao
2016-01-08,0,0.0,26.9,26.9,precipitacao
2016-01-08,100,0.0,27.1,27.1,precipitacao
2016-01-08,200,0.0,27.5,27.5,precipitacao
2016-01-08,300,0.0,27.5,27.5,precipitacao
2016-01-08,400,0.0,27.4,27.5,precipitacao
2016-01-08,500,6.8,24.3,27.4,precipitacao
2016-01-08,600,34.2,23.7,24.5,precipitacao
2016-01-08,700,3.4,24.2,24.5,precipitacao
2016-01-08,800,2.4,24.0,24.6,precipitacao
2016-01-08,900,0.0,24.5,24.5,precipitacao
2016-01-08,1000,0.2,24.5,24.6,precipitacao
2016-01-08,1100,0.0,25.5,25.5,precipitacao
2016-01-08,1200,0.0,25.7,26.0,precipitacao
2016-01-08,1300,0.4,26.4,26.7,precipitacao
2016-01-08,1400,4.4,25.8,26.9,precipitacao
2016-01-08,1500,0.4,27.2,27.3,precipitacao
2016-01-08,1600,0.0,27.9,28.1,precipitacao
2016-01-08,1700,0.0,28.1,28.3,precipitacao
2016-01-08,1800,0.0,28.5,28.7,precipitacao
2016-01-08,1900,0.0,28.1,28.8,precipitacao
2016-01-08,2000,0.0,27.8,28.3,precipitacao
2016-01-08,2100,0.0,27.2,27.8,precipitacao
2016-01-08,2200,0.0,25.9,27.2,precipitacao
2016-01-08,2300,0.0,26.1,26.4,precipitacao
2016-08-24,0,0.0,22.1,22.1,precipitacao
2016-08-24,100,0.0,22.2,22.3,precipitacao
2016-08-24,200,0.0,22.4,22.4,precipitacao
2016-08-24,300,1.0,21.9,22.4,precipitacao
2016-08-24,400,1.4,21.7,22.0,precipitacao
2016-08-24,500,0.6,21.8,21.8,precipitacao
2016-08-24,600,19.0,21.4,21.9,precipitacao
2016-08-24,700,9.0,22.3,22.3,precipitacao
2016-08-24,800,0.4,22.0,22.4,precipitacao
2016-08-24,900,16.2,21.7,22.0,precipitacao
2016-08-24,1000,44.8,22.0,22.2,precipitacao
2016-08-24,1100,41.0,20.6,22.0,precipitacao
2016-08-24,1200,11.4,21.5,21.8,precipitacao
2016-08-24,1300,8.2,22.0,22.0,precipitacao
2016-08-24,1400,7.0,21.8,22.1,precipitacao
2016-08-24,1500,9.0,22.0,22.0,precipitacao
2016-08-24,1600,4.0,23.0,23.1,precipitacao
2016-08-24,1700,12.4,22.4,23.2,precipitacao
2016-08-24,1800,0.0,24.4,24.4,precipitacao
2016-08-24,1900,0.0,24.1,24.9,precipitacao
2016-08-24,2000,0.2,23.1,24.2,precipitacao
2016-08-24,2100,0.0,23.0,23.1,precipitacao
2016-08-24,2200,0.0,23.7,23.9,precipitacao
2016-08-24,2300,4.0,21.7,24.0,precipitacao
2016-12-03,0,0.0,23.9,24.4,precipitacao
2016-12-03,100,0.0,23.5,23.9,precipitacao
2016-12-03,200,0.0,23.0,23.5,precipitacao
2016-12-03,300,0.0,23.5,23.5,precipitacao
2016-12-03,400,0.0,23.8,23.8,precipitacao
2016-12-03,500,0.0,23.9,24.0,precipitacao
2016-12-03,600,0.0,24.4,24.4,precipitacao
2016-12-03,700,0.0,23.5,24.5,precipitacao
2016-12-03,800,0.0,24.0,24.0,precipitacao
2016-12-03,900,0.0,24.5,25.3,precipitacao
2016-12-03,1000,12.0,23.9,24.9,precipitacao
2016-12-03,1100,7.0,24.0,24.3,precipitacao
2016-12-03,1200,11.4,23.0,24.2,precipitacao
2016-12-03,1300,20.0,22.6,23.2,precipitacao
2016-12-03,1400,2.6,23.8,24.1,precipitacao
2016-12-03,1500,0.0,25.3,25.4,precipitacao
2016-12-03,1600,0.0,26.5,26.5,precipitacao
2016-12-03,1700,0.0,27.4,27.4,precipitacao
2016-12-03,1800,0.0,27.3,28.1,precipitacao
2016-12-03,1900,0.0,27.2,27.5,precipitacao
2016-12-03,2000,0.0,26.7,27.3,precipitacao
2016-12-03,2100,0.0,25.4,26.6,precipitacao
2016-12-03,2200,0.0,24.8,25.4,precipitacao
2016-12-03,2300,0.0,24.2,24.8,precipitacao
2017-03-29,0,0.0,27.4,27.5,precipitacao
2017-03-29,100,0.0,27.5,27.5,precipitacao
2017-03-29,200,0.0,27.5,27.6,precipitacao
2017-03-29,300,0.0,27.3,27.6,precipitacao
2017-03-29,400,0.0,27.1,27.5,precipitacao
2017-03-29,500,0.0,27.1,27.4,precipitacao
2017-03-29,600,0.0,27.2,27.3,precipitacao
2017-03-29,700,0.0,26.9,27.3,precipitacao
2017-03-29,800,0.0,26.8,27.0,precipitacao
2017-03-29,900,0.4,24.4,26.8,precipitacao
2017-03-29,1000,32.0,22.3,24.4,precipitacao
2017-03-29,1100,16.0,22.1,22.6,precipitacao
2017-03-29,1200,16.0,22.1,22.3,precipitacao
2017-03-29,1300,7.8,22.3,22.5,precipitacao
2017-03-29,1400,4.8,22.8,22.9,precipitacao
2017-03-29,1500,2.8,23.5,23.5,precipitacao
2017-03-29,1600,0.8,23.9,23.9,precipitacao
2017-03-29,1700,0.0,24.9,25.0,precipitacao
2017-03-29,1800,0.0,24.9,25.3,precipitacao
2017-03-29,1900,0.2,24.6,24.9,precipitacao
2017-03-29,2000,0.0,24.4,24.6,precipitacao
2017-03-29,2100,0.6,24.0,24.4,precipitacao
2017-03-29,2200,0.2,23.9,24.1,precipitacao
2017-03-29,2300,0.0,24.1,24.1,precipitacao
2017-04-01,0,0.0,25.4,25.5,precipitacao
2017-04-01,100,0.0,25.6,25.6,precipitacao
2017-04-01,200,0.0,25.0,25.6,precipitacao
2017-04-01,300,2.6,23.3,25.0,precipitacao
2017-04-01,400,2.0,21.8,23.3,precipitacao
2017-04-01,500,0.2,22.2,22.2,precipitacao
2017-04-01,600,0.0,22.5,22.8,precipitacao
2017-04-01,700,3.6,21.9,22.5,precipitacao
2017-04-01,800,6.8,21.8,22.0,precipitacao
2017-04-01,900,2.0,22.3,22.3,precipitacao
2017-04-01,1000,0.8,22.5,22.6,precipitacao
2017-04-01,1100,0.4,23.1,23.1,precipitacao
2017-04-01,1200,0.6,24.9,25.0,precipitacao
2017-04-01,1300,0.0,25.6,25.6,precipitacao
2017-04-01,1400,0.0,27.1,27.1,precipitacao
2017-04-01,1500,0.0,27.5,27.6,precipitacao
2017-04-01,1600,1.8,25.1,27.5,precipitacao
2017-04-01,1700,16.4,24.4,25.1,precipitacao
2017-04-01,1800,14.6,22.6,24.7,precipitacao
2017-04-01,1900,2.8,22.6,22.9,precipitacao
2017-04-01,2000,0.0,23.0,23.0,precipitacao
2017-04-01,2100,0.0,23.3,23.3,precipitacao
2017-04-01,2200,0.0,23.5,23.5,precipitacao
2017-04-01,2300,0.0,23.2,23.5,precipitacao
2017-11-03,0,0.0,24.0,24.9,precipitacao
2017-11-03,100,0.0,23.1,24.1,precipitacao
2017-11-03,200,0.0,23.0,23.1,precipitacao
2017-11-03,300,0.0,22.8,23.0,precipitacao
2017-11-03,400,0.0,22.9,22.9,precipitacao
2017-11-03,500,0.0,23.1,23.1,precipitacao
2017-11-03,600,17.2,21.3,23.2,precipitacao
2017-11-03,700,1.6,22.2,22.2,precipitacao
2017-11-03,800,5.6,21.9,22.3,precipitacao
2017-11-03,900,9.8,21.7,22.0,precipitacao
2017-11-03,1000,8.0,21.4,22.0,precipitacao
2017-11-03,1100,4.6,21.2,22.0,precipitacao
2017-11-03,1200,1.8,22.1,22.2,precipitacao
2017-11-03,1300,0.0,24.5,24.5,precipitacao
2017-11-03,1400,0.0,25.3,25.4,precipitacao
2017-11-03,1500,0.0,26.6,26.8,precipitacao
2017-11-03,1600,0.0,26.6,27.6,precipitacao
2017-11-03,1700,0.0,27.6,27.7,precipitacao
2017-11-03,1800,0.2,22.9,28.0,precipitacao
2017-11-03,1900,0.6,22.9,23.5,precipitacao
2017-11-03,2000,0.0,23.2,23.4,precipitacao
2017-11-03,2100,0.0,23.1,23.3,precipitacao
2017-11-03,2200,0.0,22.8,23.1,precipitacao
2017-11-03,2300,2.4,21.2,22.9,precipitacao
2018-03-23,0,0.0,26.0,26.2,precipitacao
2018-03-23,100,0.0,25.3,26.0,precipitacao
2018-03-23,200,0.0,25.1,25.3,precipitacao
2018-03-23,300,0.0,25.5,26.0,precipitacao
2018-03-23,400,0.0,24.4,25.5,precipitacao
2018-03-23,500,0.0,25.0,25.0,precipitacao
2018-03-23,600,4.2,23.6,25.0,precipitacao
2018-03-23,700,2.8,24.3,24.4,precipitacao
2018-03-23,800,1.0,24.3,24.7,precipitacao
2018-03-23,900,15.6,22.9,24.3,precipitacao
2018-03-23,1000,10.6,23.0,23.0,precipitacao
2018-03-23,1100,15.4,22.7,23.2,precipitacao
2018-03-23,1200,0.2,23.5,23.6,precipitacao
2018-03-23,1300,0.4,25.0,25.0,precipitacao
2018-03-23,1400,2.0,24.8,25.6,precipitacao
2018-03-23,1500,0.0,28.1,28.1,precipitacao
2018-03-23,1600,0.0,27.7,28.9,precipitacao
2018-03-23,1700,0.0,29.4,29.9,precipitacao
2018-03-23,1800,0.0,28.2,29.5,precipitacao
2018-03-23,1900,0.0,27.3,28.5,precipitacao
2018-03-23,2000,0.0,26.7,27.4,precipitacao
2018-03-23,2100,0.0,25.8,26.7,precipitacao
2018-03-23,2200,0.0,25.7,26.0,precipitacao
2018-03-23,2300,4.0,24.8,25.8,precipitacao
2018-03-24,0,0.0,24.9,25.3,precipitacao
2018-03-24,100,0.0,24.3,24.9,precipitacao
2018-03-24,200,0.6,24.2,24.4,precipitacao
2018-03-24,300,0.0,24.0,24.2,precipitacao
2018-03-24,400,0.0,23.8,24.0,precipitacao
2018-03-24,500,5.4,23.3,24.0,precipitacao
2018-03-24,600,2.0,23.5,23.5,precipitacao
2018-03-24,700,5.6,23.4,23.8,precipitacao
2018-03-24,800,3.8,23.1,23.4,precipitacao
2018-03-24,900,6.8,22.9,23.2,precipitacao
2018-03-24,1000,3.8,23.8,23.8,precipitacao
2018-03-24,1100,0.4,24.4,24.5,precipitacao
2018-03-24,1200,6.4,24.7,26.3,precipitacao
2018-03-24,1300,3.0,25.7,25.8,precipitacao
2018-03-24,1400,3.8,24.1,27.8,precipitacao
2018-03-24,1500,0.2,25.9,25.9,precipitacao
2018-03-24,1600,2.0,24.1,26.6,precipitacao
2018-03-24,1700,1.2,25.2,25.5,precipitacao
2018-03-24,1800,9.8,23.9,25.2,precipitacao
2018-03-24,1900,0.4,23.6,23.9,precipitacao
2018-03-24,2000,1.4,23.5,23.6,precipitacao
2018-03-24,2100,0.0,23.4,23.6,precipitacao
2018-03-24,2200,7.6,23.3,23.4,precipitacao
2018-03-24,2300,0.0,23.5,23.5,precipitacao
2018-05-29,0,18.2,21.6,22.2,precipitacao
2018-05-29,100,0.8,21.8,22.0,precipitacao
2018-05-29,200,4.4,21.7,21.9,precipitacao
2018-05-29,300,9.0,21.4,21.9,precipitacao
2018-05-29,400,0.0,21.7,21.7,precipitacao
2018-05-29,500,0.2,21.7,21.7,precipitacao
2018-05-29,600,1.0,21.4,21.8,precipitacao
2018-05-29,700,8.0,21.4,21.4,precipitacao
2018-05-29,800,1.8,21.4,21.5,precipitacao
2018-05-29,900,12.0,21.0,21.4,precipitacao
2018-05-29,1000,1.2,21.3,21.3,precipitacao
2018-05-29,1100,10.6,20.9,21.3,precipitacao
2018-05-29,1200,1.0,21.5,21.8,precipitacao
2018-05-29,1300,0.2,23.7,23.7,precipitacao
2018-05-29,1400,0.0,25.5,26.1,precipitacao
2018-05-29,1500,0.0,27.1,27.1,precipitacao
2018-05-29,1600,0.0,26.7,27.4,precipitacao
2018-05-29,1700,0.0,27.1,27.3,precipitacao
2018-05-29,1800,0.0,26.9,27.4,precipitacao
2018-05-29,1900,0.0,24.3,27.0,precipitacao
2018-05-29,2000,0.0,24.7,25.0,precipitacao
2018-05-29,2100,0.0,23.6,24.7,precipitacao
2018-05-29,2200,0.0,24.4,24.4,precipitacao
2018-05-29,2300,0.8,22.7,24.5,precipitacao
2018-11-09,0,0.0,25.4,25.7,precipitacao
2018-11-09,100,0.0,25.1,25.6,precipitacao
2018-11-09,200,0.0,24.3,25.3,precipitacao
2018-11-09,300,0.0,24.1,24.3,precipitacao
2018-11-09,400,0.2,25.1,25.2,precipitacao
2018-11-09,500,0.4,24.0,25.1,precipitacao
2018-11-09,600,0.0,23.3,24.0,precipitacao
2018-11-09,700,4.6,23.0,23.4,precipitacao
2018-11-09,800,7.6,22.5,23.1,precipitacao
2018-11-09,900,18.6,22.3,22.5,precipitacao
2018-11-09,1000,11.0,22.6,22.7,precipitacao
2018-11-09,1100,2.2,23.6,23.6,precipitacao
2018-11-09,1200,6.2,23.5,23.9,precipitacao
2018-11-09,1300,14.4,23.8,23.9,precipitacao
2018-11-09,1400,2.8,24.5,24.5,precipitacao
2018-11-09,1500,0.0,25.2,25.5,precipitacao
2018-11-09,1600,0.0,25.4,25.5,precipitacao
2018-11-09,1700,0.0,25.4,26.0,precipitacao
2018-11-09,1800,0.0,26.4,26.4,precipitacao
2018-11-09,1900,0.0,26.0,26.4,precipitacao
2018-11-09,2000,0.0,25.9,26.1,precipitacao
2018-11-09,2100,0.0,24.8,25.9,precipitacao
2018-11-09,2200,0.0,25.2,25.6,precipitacao
2018-11-09,2300,0.0,24.7,25.4,precipitacao
2018-11-27,0,9.8,21.9,22.3,precipitacao
2018-11-27,100,17.4,21.3,21.9,precipitacao
2018-11-27,200,14.8,21.2,21.5,precipitacao
2018-11-27,300,9.8,21.0,21.5,precipitacao
2018-11-27,400,5.8,21.3,21.4,precipitacao
2018-11-27,500,8.4,20.9,21.4,precipitacao
2018-11-27,600,4.4,21.1,21.2,precipitacao
2018-11-27,700,1.4,20.8,21.1,precipitacao
2018-11-27,800,0.0,20.6,20.8,precipitacao
2018-11-27,900,0.0,21.3,21.3,precipitacao
2018-11-27,1000,0.0,21.9,21.9,precipitacao
2018-11-27,1100,0.0,22.6,23.2,precipitacao
2018-11-27,1200,0.0,23.6,23.6,precipitacao
2018-11-27,1300,0.0,24.3,24.8,precipitacao
2018-11-27,1400,0.0,26.5,26.5,precipitacao
2018-11-27,1500,0.0,26.8,27.4,precipitacao
2018-11-27,1600,0.0,28.2,28.3,precipitacao
2018-11-27,1700,0.0,28.9,29.4,precipitacao
2018-11-27,1800,0.0,27.4,29.4,precipitacao
2018-11-27,1900,0.0,26.5,27.5,precipitacao
2018-11-27,2000,0.0,25.8,26.5,precipitacao
2018-11-27,2100,0.0,25.1,25.8,precipitacao
2018-11-27,2200,0.0,25.4,25.4,precipitacao
2018-11-27,2300,0.0,24.0,25.4,precipitacao
2018-12-11,0,4.0,24.6,25.2,precipitacao
2018-12-11,100,12.4,23.1,24.6,precipitacao
2018-12-11,200,17.0,22.9,23.2,precipitacao
2018-12-11,300,19.4,23.3,23.3,precipitacao
2018-12-11,400,6.8,23.0,23.4,precipitacao
2018-12-11,500,23.0,22.8,23.0,precipitacao
2018-12-11,600,2.2,23.2,23.2,precipitacao
2018-12-11,700,9.4,23.1,23.2,precipitacao
2018-12-11,800,0.0,23.4,23.4,precipitacao
2018-12-11,900,0.0,23.7,23.7,precipitacao
2018-12-11,1000,0.0,24.5,24.6,precipitacao
2018-12-11,1100,0.2,26.5,27.0,precipitacao
2018-12-11,1200,0.0,28.8,28.8,precipitacao
2018-12-11,1300,0.0,29.1,29.6,precipitacao
2018-12-11,1400,0.0,29.1,29.6,precipitacao
2018-12-11,1500,0.0,28.5,30.5,precipitacao
2018-12-11,1600,0.0,28.3,29.6,precipitacao
2018-12-11,1700,0.0,28.6,29.6,precipitacao
2018-12-11,1800,0.0,29.2,29.9,precipitacao
2018-12-11,1900,0.0,27.7,29.2,precipitacao
2018-12-11,2000,0.0,27.1,27.9,precipitacao
2018-12-11,2100,0.0,25.5,27.1,precipitacao
2018-12-11,2200,0.0,24.5,25.5,precipitacao
2018-12-11,2300,0.0,24.5,24.9,precipitacao
2019-05-09,0,0.0,26.6,26.7,precipitacao
2019-05-09,100,0.0,26.1,26.6,precipitacao
2019-05-09,200,9.8,24.9,26.1,precipitacao
2019-05-09,300,0.4,25.2,25.3,precipitacao
2019-05-09,400,0.0,25.5,25.6,precipitacao
2019-05-09,500,0.0,25.3,25.6,precipitacao
2019-05-09,600,0.0,24.7,25.4,precipitacao
2019-05-09,700,2.6,24.3,24.7,precipitacao
2019-05-09,800,0.2,24.5,24.5,precipitacao
2019-05-09,900,0.0,24.4,24.6,precipitacao
2019-05-09,1000,0.0,24.4,24.5,precipitacao
2019-05-09,1100,0.0,25.1,25.2,precipitacao
2019-05-09,1200,0.0,26.1,26.1,precipitacao
2019-05-09,1300,0.0,25.9,26.3,precipitacao
2019-05-09,1400,0.0,26.2,26.2,precipitacao
2019-05-09,1500,0.0,26.8,27.4,precipitacao
2019-05-09,1600,0.0,27.2,27.6,precipitacao
2019-05-09,1700,0.0,27.8,27.9,precipitacao
2019-05-09,1800,6.8,24.0,27.9,precipitacao
2019-05-09,1900,2.0,24.4,25.0,precipitacao
2019-05-09,2000,1.4,25.0,25.5,precipitacao
2019-05-09,2100,22.6,23.5,24.9,precipitacao
2019-05-09,2200,8.2,23.4,23.7,precipitacao
2019-05-09,2300,4.8,24.1,24.1,precipitacao
2019-05-10,0,0.0,24.3,24.4,precipitacao
2019-05-10,100,0.0,24.3,24.5,precipitacao
2019-05-10,200,0.0,24.5,24.5,precipitacao
2019-05-10,300,0.0,24.7,24.7,precipitacao
2019-05-10,400,0.0,24.7,24.7,precipitacao
2019-05-10,500,0.0,24.6,24.7,precipitacao
2019-05-10,600,0.0,24.0,24.6,precipitacao
2019-05-10,700,0.0,23.9,24.3,precipitacao
2019-05-10,800,0.0,24.0,24.1,precipitacao
2019-05-10,900,0.0,24.2,24.2,precipitacao
2019-05-10,1000,0.0,24.4,24.4,precipitacao
2019-05-10,1100,0.0,25.3,25.3,precipitacao
2019-05-10,1200,0.0,26.8,27.7,precipitacao
2019-05-10,1300,0.2,26.6,28.1,precipitacao
2019-05-10,1400,0.0,28.8,29.0,precipitacao
2019-05-10,1500,0.0,28.0,28.9,precipitacao
2019-05-10,1600,0.0,27.6,29.2,precipitacao
2019-05-10,1700,0.2,25.7,29.4,precipitacao
2019-05-10,1800,4.6,24.8,27.7,precipitacao
2019-05-10,1900,23.4,23.8,24.8,precipitacao
2019-05-10,2000,9.8,23.8,24.2,precipitacao
2019-05-10,2100,4.8,24.0,24.1,precipitacao
2019-05-10,2200,15.2,23.6,24.1,precipitacao
2019-05-10,2300,9.0,23.7,23.9,precipitacao
2019-05-12,0,0.0,25.9,26.5,precipitacao
2019-05-12,100,0.0,26.3,26.4,precipitacao
2019-05-12,200,2.0,24.6,26.5,precipitacao
2019-05-12,300,0.0,24.1,24.6,precipitacao
2019-05-12,400,0.0,24.1,24.2,precipitacao
2019-05-12,500,0.0,24.0,24.1,precipitacao
2019-05-12,600,0.0,24.0,24.1,precipitacao
2019-05-12,700,0.0,23.8,24.0,precipitacao
2019-05-12,800,0.0,23.9,24.0,precipitacao
2019-05-12,900,0.2,23.7,24.0,precipitacao
2019-05-12,1000,0.0,24.0,24.0,precipitacao
2019-05-12,1100,0.0,24.6,24.6,precipitacao
2019-05-12,1200,11.8,23.2,24.6,precipitacao
2019-05-12,1300,3.2,23.5,23.5,precipitacao
2019-05-12,1400,2.4,24.0,24.1,precipitacao
2019-05-12,1500,0.6,24.3,24.3,precipitacao
2019-05-12,1600,0.8,24.6,24.6,precipitacao
2019-05-12,1700,0.2,26.2,26.2,precipitacao
2019-05-12,1800,12.8,25.1,26.2,precipitacao
2019-05-12,1900,0.0,25.7,25.8,precipitacao
2019-05-12,2000,0.0,25.6,26.1,precipitacao
2019-05-12,2100,0.2,25.2,25.7,precipitacao
2019-05-12,2200,4.4,25.0,25.4,precipitacao
2019-05-12,2300,14.2,24.5,25.0,precipitacao
2019-08-16,0,0.8,21.7,21.9,precipitacao
2019-08-16,100,1.2,21.3,21.7,precipitacao
2019-08-16,200,0.4,20.3,21.9,precipitacao
2019-08-16,300,3.4,19.9,20.3,precipitacao
2019-08-16,400,4.6,19.9,20.0,precipitacao
2019-08-16,500,4.0,19.6,20.0,precipitacao
2019-08-16,600,2.0,19.5,19.7,precipitacao
2019-08-16,700,0.2,19.8,19.8,precipitacao
2019-08-16,800,14.0,19.8,20.0,precipitacao
2019-08-16,900,5.4,20.6,20.9,precipitacao
2019-08-16,1000,10.2,21.1,21.2,precipitacao
2019-08-16,1100,6.2,21.2,22.1,precipitacao
2019-08-16,1200,4.2,21.9,21.9,precipitacao
2019-08-16,1300,0.6,23.6,24.4,precipitacao
2019-08-16,1400,0.0,23.7,24.7,precipitacao
2019-08-16,1500,0.8,24.6,24.8,precipitacao
2019-08-16,1600,4.0,21.7,24.7,precipitacao
2019-08-16,1700,0.4,23.2,23.6,precipitacao
2019-08-16,1800,0.2,22.0,23.8,precipitacao
2019-08-16,1900,0.4,22.0,23.1,precipitacao
2019-08-16,2000,0.0,22.4,23.1,precipitacao
2019-08-16,2100,2.2,21.3,23.3,precipitacao
2019-08-16,2200,0.0,23.1,23.1,precipitacao
2019-08-16,2300,1.2,21.1,23.2,precipitacao
2019-12-31,0,0.2,25.8,26.0,precipitacao
2019-12-31,100,0.0,26.0,26.1,precipitacao
2019-12-31,200,0.0,25.5,26.0,precipitacao
2019-12-31,300,0.0,25.6,25.6,precipitacao
2019-12-31,400,0.0,25.3,25.9,precipitacao
2019-12-31,500,43.2,21.4,25.3,precipitacao
2019-12-31,600,0.6,24.0,24.0,precipitacao
2019-12-31,700,0.0,24.0,24.7,precipitacao
2019-12-31,800,1.4,22.6,24.1,precipitacao
2019-12-31,900,3.2,22.9,23.2,precipitacao
2019-12-31,1000,4.8,22.7,23.1,precipitacao
2019-12-31,1100,2.6,23.3,23.4,precipitacao
2019-12-31,1200,0.0,26.8,26.8,precipitacao
2019-12-31,1300,0.0,27.8,28.4,precipitacao
2019-12-31,1400,0.0,28.0,28.5,precipitacao
2019-12-31,1500,0.0,28.7,29.3,precipitacao
2019-12-31,1600,0.0,28.4,29.0,precipitacao
2019-12-31,1700,0.6,27.3,29.0,precipitacao
2019-12-31,1800,0.4,28.8,28.8,precipitacao
2019-12-31,1900,0.0,27.8,29.3,precipitacao
2019-12-31,2000,0.0,26.7,27.8,precipitacao
2019-12-31,2100,0.0,26.1,26.7,precipitacao
2019-12-31,2200,0.0,26.2,26.3,precipitacao
2019-12-31,2300,0.0,25.4,26.3,precipitacao
2020-04-13,0,0.0,26.7,27.0,precipitacao
2020-04-13,100,0.4,25.9,26.7,precipitacao
2020-04-13,200,8.0,24.7,25.9,precipitacao
2020-04-13,300,7.0,24.3,24.8,precipitacao
2020-04-13,400,2.8,24.5,24.5,precipitacao
2020-04-13,500,1.8,24.4,24.6,precipitacao
2020-04-13,600,7.8,24.1,24.4,precipitacao
2020-04-13,700,13.0,24.0,24.2,precipitacao
2020-04-13,800,5.6,24.2,24.2,precipitacao
2020-04-13,900,1.0,24.2,24.5,precipitacao
2020-04-13,1000,2.2,24.1,24.2,precipitacao
2020-04-13,1100,1.4,24.3,24.4,precipitacao
2020-04-13,1200,19.4,23.9,24.3,precipitacao
2020-04-13,1300,14.2,24.0,24.2,precipitacao
2020-04-13,1400,6.2,24.6,24.7,precipitacao
2020-04-13,1500,0.4,25.8,25.9,precipitacao
2020-04-13,1600,0.2,26.0,26.1,precipitacao
2020-04-13,1700,0.0,26.4,26.5,precipitacao
2020-04-13,1800,0.0,26.0,26.5,precipitacao
2020-04-13,1900,0.0,26.4,26.5,precipitacao
2020-04-13,2000,0.0,25.7,26.4,precipitacao
2020-04-13,2100,0.0,25.1,25.7,precipitacao
2020-04-13,2200,0.0,25.4,25.5,precipitacao
2020-04-13,2300,0.0,25.7,25.7,precipitacao
2020-04-20,0,3.8,24.4,25.5,precipitacao
2020-04-20,100,0.8,23.7,24.4,precipitacao
2020-04-20,200,2.2,23.3,23.7,precipitacao
2020-04-20,300,0.0,23.1,23.4,precipitacao
2020-04-20,400,2.2,22.9,23.1,precipitacao
2020-04-20,500,11.6,22.3,22.9,precipitacao
2020-04-20,600,9.8,22.3,22.5,precipitacao
2020-04-20,700,9.8,22.4,22.5,precipitacao
2020-04-20,800,5.0,22.3,22.5,precipitacao
2020-04-20,900,3.4,22.3,22.6,precipitacao
2020-04-20,1000,5.6,22.2,22.3,precipitacao
2020-04-20,1100,0.6,23.0,23.0,precipitacao
2020-04-20,1200,0.0,24.7,24.8,precipitacao
2020-04-20,1300,0.0,25.7,26.4,precipitacao
2020-04-20,1400,0.0,26.2,26.3,precipitacao
2020-04-20,1500,0.0,26.2,27.9,precipitacao
2020-04-20,1600,0.0,26.3,27.5,precipitacao
2020-04-20,1700,0.2,25.5,26.5,precipitacao
2020-04-20,1800,0.0,25.7,26.2,precipitacao
2020-04-20,1900,0.0,26.5,26.8,precipitacao
2020-04-20,2000,0.0,25.4,26.5,precipitacao
2020-04-20,2100,0.0,25.1,25.4,precipitacao
2020-04-20,2200,0.0,24.7,25.2,precipitacao
2020-04-20,2300,0.0,24.4,24.7,precipitacao
2020-04-26,0,0.0,26.5,26.7,precipitacao
2020-04-26,100,0.0,26.2,26.5,precipitacao
2020-04-26,200,0.0,24.9,26.3,precipitacao
2020-04-26,300,0.0,24.5,25.1,precipitacao
2020-04-26,400,3.4,23.7,24.6,precipitacao
2020-04-26,500,0.2,23.8,23.8,precipitacao
2020-04-26,600,0.6,23.8,24.1,precipitacao
2020-04-26,700,0.4,23.6,23.8,precipitacao
2020-04-26,800,5.4,23.4,23.6,precipitacao
2020-04-26,900,1.8,23.4,23.5,precipitacao
2020-04-26,1000,10.8,23.3,23.4,precipitacao
2020-04-26,1100,12.2,23.5,23.6,precipitacao
2020-04-26,1200,1.4,23.8,24.0,precipitacao
2020-04-26,1300,1.2,25.4,26.2,precipitacao
2020-04-26,1400,1.0,25.4,25.8,precipitacao
2020-04-26,1500,7.4,25.2,25.5,precipitacao
2020-04-26,1600,4.6,24.5,25.8,precipitacao
2020-04-26,1700,1.6,24.5,25.1,precipitacao
2020-04-26,1800,9.4,24.4,24.8,precipitacao
2020-04-26,1900,0.4,25.1,25.1,precipitacao
2020-04-26,2000,1.2,23.8,25.1,precipitacao
2020-04-26,2100,0.0,24.5,25.2,precipitacao
2020-04-26,2200,0.2,24.8,24.9,precipitacao
2020-04-26,2300,0.0,25.0,25.2,precipitacao
2020-05-12,0,0.6,23.3,23.4,precipitacao
2020-05-12,100,5.4,23.4,23.5,precipitacao
2020-05-12,200,1.6,23.1,23.5,precipitacao
2020-05-12,300,1.0,22.9,23.1,precipitacao
2020-05-12,400,2.0,22.7,22.9,precipitacao
2020-05-12,500,1.4,22.8,22.8,precipitacao
2020-05-12,600,0.0,23.0,23.1,precipitacao
2020-05-12,700,0.0,22.7,23.0,precipitacao
2020-05-12,800,4.4,22.6,22.7,precipitacao
2020-05-12,900,1.8,22.5,22.6,precipitacao
2020-05-12,1000,14.0,22.4,22.8,precipitacao
2020-05-12,1100,17.4,22.2,22.5,precipitacao
2020-05-12,1200,11.2,22.3,22.4,precipitacao
2020-05-12,1300,15.4,22.4,22.5,precipitacao
2020-05-12,1400,3.8,22.7,22.8,precipitacao
2020-05-12,1500,4.0,23.4,23.8,precipitacao
2020-05-12,1600,3.2,24.0,24.2,precipitacao
2020-05-12,1700,15.4,23.6,24.0,precipitacao
2020-05-12,1800,0.4,24.5,24.6,precipitacao
2020-05-12,1900,0.0,25.1,25.1,precipitacao
2020-05-12,2000,0.0,24.9,25.1,precipitacao
2020-05-12,2100,0.4,23.8,24.9,precipitacao
2020-05-12,2200,0.2,24.0,24.2,precipitacao
2020-05-12,2300,0.0,23.8,24.1,precipitacao
2020-05-22,0,0.4,23.3,23.5,precipitacao
2020-05-22,100,0.2,23.7,23.7,precipitacao
2020-05-22,200,0.0,23.6,23.7,precipitacao
2020-05-22,300,0.0,23.6,23.8,precipitacao
2020-05-22,400,0.8,23.5,23.6,precipitacao
2020-05-22,500,0.4,23.6,23.6,precipitacao
2020-05-22,600,9.4,23.2,23.6,precipitacao
2020-05-22,700,0.6,23.3,23.3,precipitacao
2020-05-22,800,0.6,23.3,23.3,precipitacao
2020-05-22,900,11.0,23.2,23.3,precipitacao
2020-05-22,1000,1.6,23.4,23.5,precipitacao
2020-05-22,1100,14.4,23.4,23.5,precipitacao
2020-05-22,1200,11.0,23.5,23.5,precipitacao
2020-05-22,1300,0.6,24.1,24.5,precipitacao
2020-05-22,1400,0.6,25.1,25.2,precipitacao
2020-05-22,1500,0.4,25.0,25.4,precipitacao
2020-05-22,1600,4.4,24.0,25.1,precipitacao
2020-05-22,1700,0.4,24.5,24.6,precipitacao
2020-05-22,1800,0.0,25.3,25.5,precipitacao
2020-05-22,1900,0.0,25.2,25.4,precipitacao
2020-05-22,2000,0.0,24.5,25.2,precipitacao
2020-05-22,2100,0.0,24.0,24.5,precipitacao
2020-05-22,2200,0.0,24.0,24.1,precipitacao
2020-05-22,2300,0.0,23.8,24.0,precipitacao
2020-06-05,0,0.0,24.9,25.4,precipitacao
2020-06-05,100,0.0,23.6,24.9,precipitacao
2020-06-05,200,0.0,23.1,23.6,precipitacao
2020-06-05,300,0.0,23.0,23.1,precipitacao
2020-06-05,400,0.0,23.1,23.1,precipitacao
2020-06-05,500,0.0,22.3,23.1,precipitacao
2020-06-05,600,0.4,21.8,22.4,precipitacao
2020-06-05,700,2.8,21.6,21.8,precipitacao
2020-06-05,800,7.4,21.9,22.2,precipitacao
2020-06-05,900,10.8,21.4,21.9,precipitacao
2020-06-05,1000,6.0,21.3,21.5,precipitacao
2020-06-05,1100,4.0,21.3,21.7,precipitacao
2020-06-05,1200,4.8,21.7,21.8,precipitacao
2020-06-05,1300,1.4,21.6,21.9,precipitacao
2020-06-05,1400,1.2,22.2,22.3,precipitacao
2020-06-05,1500,3.4,22.6,22.7,precipitacao
2020-06-05,1600,9.4,23.2,23.2,precipitacao
2020-06-05,1700,2.6,23.4,23.5,precipitacao
2020-06-05,1800,6.4,23.6,23.6,precipitacao
2020-06-05,1900,0.0,24.5,24.5,precipitacao
2020-06-05,2000,0.0,24.8,24.9,precipitacao
2020-06-05,2100,0.0,25.0,25.0,precipitacao
2020-06-05,2200,0.0,25.2,25.3,precipitacao
2020-06-05,2300,0.0,25.3,25.3,precipitacao
2020-12-26,0,0.0,25.6,26.2,precipitacao
2020-12-26,100,0.0,24.8,25.8,precipitacao
2020-12-26,200,0.0,26.1,26.2,precipitacao
2020-12-26,300,0.0,25.2,26.2,precipitacao
2020-12-26,400,0.0,25.1,25.7,precipitacao
2020-12-26,500,8.0,23.3,25.3,precipitacao
2020-12-26,600,39.8,22.6,23.3,precipitacao
2020-12-26,700,2.4,22.7,22.9,precipitacao
2020-12-26,800,0.2,23.7,23.7,precipitacao
2020-12-26,900,0.0,24.2,25.7,precipitacao
2020-12-26,1000,0.0,24.2,24.5,precipitacao
2020-12-26,1100,14.0,23.5,24.3,precipitacao
2020-12-26,1200,0.0,24.3,24.4,precipitacao
2020-12-26,1300,1.0,25.6,25.9,precipitacao
2020-12-26,1400,5.2,25.7,27.1,precipitacao
2020-12-26,1500,0.2,25.7,27.2,precipitacao
2020-12-26,1600,0.0,27.9,28.6,precipitacao
2020-12-26,1700,0.0,29.0,29.4,precipitacao
2020-12-26,1800,0.0,28.8,29.1,precipitacao
2020-12-26,1900,0.0,27.9,29.0,precipitacao
2020-12-26,2000,0.0,27.5,28.4,precipitacao
2020-12-26,2100,0.0,26.4,27.5,precipitacao
2020-12-26,2200,0.0,26.3,26.4,precipitacao
2020-12-26,2300,0.0,26.0,26.4,precipitacao
2021-02-18,0,0.0,27.8,27.8,precipitacao
2021-02-18,100,0.0,27.9,28.0,precipitacao
2021-02-18,200,0.8,26.7,28.0,precipitacao
2021-02-18,300,0.0,26.6,27.7,precipitacao
2021-02-18,400,17.8,22.3,26.6,precipitacao
2021-02-18,500,32.0,23.1,24.0,precipitacao
2021-02-18,600,4.0,25.3,25.3,precipitacao
2021-02-18,700,1.4,24.5,25.6,precipitacao
2021-02-18,800,1.4,25.1,25.3,precipitacao
2021-02-18,900,0.2,24.3,25.1,precipitacao
2021-02-18,1000,0.0,26.0,26.0,precipitacao
2021-02-18,1100,0.0,26.7,26.8,precipitacao
2021-02-18,1200,0.0,27.8,27.9,precipitacao
2021-02-18,1300,0.0,28.4,28.7,precipitacao
2021-02-18,1400,0.0,29.3,29.4,precipitacao
2021-02-18,1500,0.0,28.8,29.4,precipitacao
2021-02-18,1600,0.0,29.1,29.6,precipitacao
2021-02-18,1700,0.0,29.8,30.0,precipitacao
2021-02-18,1800,0.0,29.0,29.8,precipitacao
2021-02-18,1900,0.0,29.2,29.5,precipitacao
2021-02-18,2000,0.0,28.2,29.4,precipitacao
2021-02-18,2100,0.0,27.5,28.2,precipitacao
2021-02-18,2200,0.0,27.4,27.5,precipitacao
2021-02-18,2300,0.0,27.4,27.5,precipitacao
