2020-10-02,0,,17.2,19.0,temperatura
2020-10-02,100,,16.6,17.3,temperatura
2020-10-02,200,,15.9,16.8,temperatura
2020-10-02,300,,14.7,15.9,temperatura
2020-10-02,400,,14.4,14.8,temperatura
2020-10-02,500,,13.5,14.5,temperatura
2020-10-02,600,,13.2,13.9,temperatura
2020-10-02,700,,12.8,13.5,temperatura
2020-10-02,800,,12.6,13.1,temperatura
2020-10-02,900,,11.7,12.6,temperatura
2020-10-02,1000,,13.5,13.5,temperatura
2020-10-02,1100,,17.2,17.2,temperatura
2020-10-02,1200,,23.5,23.5,temperatura
2020-10-02,1300,,29.8,29.9,temperatura
2020-10-02,1400,,32.5,32.9,temperatura
2020-10-02,1500,,34.0,34.0,temperatura
2020-10-02,1600,,34.5,34.9,temperatura
2020-10-02,1700,,34.3,34.9,temperatura
2020-10-02,1800,,34.2,35.1,temperatura
2020-10-02,1900,,34.0,34.8,temperatura
2020-10-02,2000,,32.3,34.1,temperatura
2020-10-02,2100,,26.4,32.3,temperatura
2020-10-02,2200,,22.4,26.4,temperatura
2020-10-02,2300,,21.5,22.4,temperatura
2008-09-12,0,4.0,15.4,16.8,precipitacao
2008-09-12,100,1.8,15.4,15.8,precipitacao
2008-09-12,200,2.4,14.9,15.4,precipitacao
2008-09-12,300,0.0,14.8,15.0,precipitacao
2008-09-12,400,0.4,14.9,15.5,precipitacao
2008-09-12,500,0.8,14.6,15.5,precipitacao
2008-09-12,600,1.6,14.5,14.6,precipitacao
2008-09-12,700,1.6,14.4,14.6,precipitacao
2008-09-12,800,2.8,14.9,15.2,precipitacao
2008-09-12,900,2.6,14.4,14.9,precipitacao
2008-09-12,1000,1.6,14.3,14.4,precipitacao
2008-09-12,1100,3.0,14.7,15.4,precipitacao
2008-09-12,1200,4.2,14.7,14.8,precipitacao
2008-09-12,1300,3.8,15.0,15.0,precipitacao
2008-09-12,1400,0.6,15.8,15.8,precipitacao
2008-09-12,1500,0.0,16.0,16.2,precipitacao
2008-09-12,1600,0.0,15.8,16.0,precipitacao
2008-09-12,1700,0.8,15.7,15.8,precipitacao
2008-09-12,1800,11.4,13.8,15.7,precipitacao
2008-09-12,1900,9.0,13.7,13.8,precipitacao
2008-09-12,2000,4.4,13.6,13.7,precipitacao
2008-09-12,2100,4.0,13.4,13.6,precipitacao
2008-09-12,2200,0.0,13.1,13.4,precipitacao
2008-09-12,2300,0.0,13.0,13.1,precipitacao
2008-10-04,0,0.2,17.1,19.1,precipitacao
2008-10-04,100,0.0,16.5,17.6,precipitacao
2008-10-04,200,1.0,15.9,16.5,precipitacao
2008-10-04,300,3.0,16.0,16.0,precipitacao
2008-10-04,400,0.4,15.9,16.1,precipitacao
2008-10-04,500,0.0,15.8,15.9,precipitacao
2008-10-04,600,1.4,16.4,16.7,precipitacao
2008-10-04,700,8.6,16.1,16.4,precipitacao
2008-10-04,800,22.6,15.5,16.1,precipitacao
2008-10-04,900,0.4,15.9,16.2,precipitacao
2008-10-04,1000,2.4,16.0,17.5,precipitacao
2008-10-04,1100,7.8,15.4,16.0,precipitacao
2008-10-04,1200,9.0,15.0,15.5,precipitacao
2008-10-04,1300,2.4,15.0,15.1,precipitacao
2008-10-04,1400,4.8,14.9,15.1,precipitacao
2008-10-04,1500,5.0,14.4,14.9,precipitacao
2008-10-04,1600,3.0,14.4,14.4,precipitacao
2008-10-04,1700,2.2,14.9,14.9,precipitacao
2008-10-04,1800,3.0,14.4,14.8,precipitacao
2008-10-04,1900,1.8,14.5,14.6,precipitacao
2008-10-04,2000,0.2,14.3,14.7,precipitacao
2008-10-04,2100,1.2,13.8,14.3,precipitacao
2008-10-04,2200,2.0,13.6,13.8,precipitacao
2008-10-04,2300,1.6,13.2,13.6,precipitacao
2008-10-17,0,0.0,18.0,18.6,precipitacao
2008-10-17,100,0.4,18.0,18.1,precipitacao
2008-10-17,200,0.2,16.9,18.1,precipitacao
2008-10-17,300,0.0,16.4,16.9,precipitacao
2008-10-17,400,0.0,16.0,16.4,precipitacao
2008-10-17,500,0.0,15.5,16.0,precipitacao
2008-10-17,600,0.0,15.1,15.5,precipitacao
2008-10-17,700,0.0,14.9,15.2,precipitacao
2008-10-17,800,0.0,14.4,14.9,precipitacao
2008-10-17,900,0.0,14.5,14.6,precipitacao
2008-10-17,1000,0.2,14.7,14.7,precipitacao
2008-10-17,1100,0.0,14.7,14.8,precipitacao
2008-10-17,1200,0.0,14.9,14.9,precipitacao
2008-10-17,1300,2.0,14.6,14.9,precipitacao
2008-10-17,1400,0.2,15.0,15.1,precipitacao
2008-10-17,1500,2.8,14.6,15.0,precipitacao
2008-10-17,1600,1.6,14.4,14.6,precipitacao
2008-10-17,1700,4.2,14.2,14.5,precipitacao
2008-10-17,1800,7.6,14.0,14.2,precipitacao
2008-10-17,1900,6.4,14.0,14.1,precipitacao
2008-10-17,2000,7.6,13.6,14.0,precipitacao
2008-10-17,2100,10.4,13.3,13.6,precipitacao
2008-10-17,2200,6.4,12.9,13.4,precipitacao
2008-10-17,2300,1.6,13.0,13.1,precipitacao
2008-10-29,0,0.2,15.6,15.7,precipitacao
2008-10-29,100,2.2,15.7,15.8,precipitacao
2008-10-29,200,3.2,15.7,16.6,precipitacao
2008-10-29,300,0.0,16.0,16.1,precipitacao
2008-10-29,400,0.0,15.8,16.7,precipitacao
2008-10-29,500,0.0,15.6,15.8,precipitacao
2008-10-29,600,0.0,15.2,15.6,precipitacao
2008-10-29,700,0.0,15.1,15.2,precipitacao
2008-10-29,800,0.2,14.9,15.1,precipitacao
2008-10-29,900,0.4,14.9,15.0,precipitacao
2008-10-29,1000,13.6,14.9,15.1,precipitacao
2008-10-29,1100,2.4,15.0,15.0,precipitacao
2008-10-29,1200,3.6,15.2,15.3,precipitacao
2008-10-29,1300,9.0,15.1,15.2,precipitacao
2008-10-29,1400,12.2,14.9,15.1,precipitacao
2008-10-29,1500,9.0,15.1,15.1,precipitacao
2008-10-29,1600,5.4,15.4,15.5,precipitacao
2008-10-29,1700,4.8,15.7,15.8,precipitacao
2008-10-29,1800,3.4,15.6,15.8,precipitacao
2008-10-29,1900,4.6,15.5,15.6,precipitacao
2008-10-29,2000,2.2,15.6,15.6,precipitacao
2008-10-29,2100,0.4,15.4,15.7,precipitacao
2008-10-29,2200,0.0,15.5,15.5,precipitacao
2008-10-29,2300,0.0,14.5,15.6,precipitacao
2008-11-02,0,0.0,18.3,18.7,precipitacao
2008-11-02,100,0.8,17.3,18.3,precipitacao
2008-11-02,200,4.8,16.7,17.3,precipitacao
2008-11-02,300,10.2,16.1,16.7,precipitacao
2008-11-02,400,4.0,16.0,16.1,precipitacao
2008-11-02,500,7.0,16.0,16.1,precipitacao
2008-11-02,600,0.8,15.7,16.0,precipitacao
2008-11-02,700,1.6,15.5,15.7,precipitacao
2008-11-02,800,3.4,15.3,15.5,precipitacao
2008-11-02,900,8.8,15.2,15.3,precipitacao
2008-11-02,1000,3.2,15.3,15.3,precipitacao
2008-11-02,1100,3.4,15.5,15.5,precipitacao
2008-11-02,1200,2.4,16.1,16.1,precipitacao
2008-11-02,1300,1.4,16.3,16.3,precipitacao
2008-11-02,1400,0.2,17.2,17.2,precipitacao
2008-11-02,1500,0.0,18.3,18.4,precipitacao
2008-11-02,1600,0.0,18.0,18.5,precipitacao
2008-11-02,1700,0.0,19.2,19.2,precipitacao
2008-11-02,1800,0.0,19.1,19.4,precipitacao
2008-11-02,1900,0.0,19.0,19.4,precipitacao
2008-11-02,2000,0.0,19.2,19.4,precipitacao
2008-11-02,2100,0.0,18.4,19.2,precipitacao
2008-11-02,2200,0.0,16.9,18.5,precipitacao
2008-11-02,2300,0.0,15.8,16.9,precipitacao
2009-05-14,0,0.0,16.0,16.6,precipitacao
2009-05-14,100,0.0,15.7,16.0,precipitacao
2009-05-14,200,0.0,15.3,16.0,precipitacao
2009-05-14,300,0.0,15.2,15.5,precipitacao
2009-05-14,400,0.0,15.3,15.5,precipitacao
2009-05-14,500,1.8,17.0,17.2,precipitacao
2009-05-14,600,16.8,15.3,17.0,precipitacao
2009-05-14,700,8.0,14.9,15.4,precipitacao
2009-05-14,800,4.2,14.4,14.9,precipitacao
2009-05-14,900,2.4,14.4,14.5,precipitacao
2009-05-14,1000,6.8,14.3,14.5,precipitacao
2009-05-14,1100,4.0,14.3,14.4,precipitacao
2009-05-14,1200,6.0,14.5,14.5,precipitacao
2009-05-14,1300,2.6,15.1,15.1,precipitacao
2009-05-14,1400,0.2,15.6,15.6,precipitacao
2009-05-14,1500,0.4,15.5,15.7,precipitacao
2009-05-14,1600,0.4,15.7,15.7,precipitacao
2009-05-14,1700,0.6,16.0,16.0,precipitacao
2009-05-14,1800,0.8,16.1,16.1,precipitacao
2009-05-14,1900,2.8,15.6,16.1,precipitacao
2009-05-14,2000,0.0,15.7,16.0,precipitacao
2009-05-14,2100,0.0,15.0,15.7,precipitacao
2009-05-14,2200,0.0,14.7,15.0,precipitacao
2009-05-14,2300,0.0,13.5,14.6,precipitacao
2009-09-28,0,6.0,18.7,22.7,precipitacao
2009-09-28,100,8.4,18.3,19.2,precipitacao
2009-09-28,200,5.0,18.0,18.3,precipitacao
2009-09-28,300,8.4,17.7,18.0,precipitacao
2009-09-28,400,0.8,17.9,18.0,precipitacao
2009-09-28,500,0.8,17.8,17.9,precipitacao
2009-09-28,600,15.4,17.9,17.9,precipitacao
2009-09-28,700,0.0,18.2,18.3,precipitacao
2009-09-28,800,0.0,18.0,18.3,precipitacao
2009-09-28,900,5.0,18.3,18.9,precipitacao
2009-09-28,1000,4.8,21.0,21.1,precipitacao
2009-09-28,1100,18.4,18.2,21.2,precipitacao
2009-09-28,1200,3.6,18.6,18.7,precipitacao
2009-09-28,1300,2.0,19.9,19.9,precipitacao
2009-09-28,1400,0.0,22.5,22.8,precipitacao
2009-09-28,1500,0.0,22.1,22.8,precipitacao
2009-09-28,1600,0.0,21.8,22.1,precipitacao
2009-09-28,1700,0.0,21.4,22.2,precipitacao
2009-09-28,1800,0.0,22.9,22.9,precipitacao
2009-09-28,1900,0.0,22.3,22.9,precipitacao
2009-09-28,2000,0.0,21.5,22.5,precipitacao
2009-09-28,2100,0.2,19.5,21.5,precipitacao
2009-09-28,2200,0.0,18.7,19.5,precipitacao
2009-09-28,2300,0.0,17.5,18.7,precipitacao
2009-10-12,0,0.0,15.8,16.5,precipitacao
2009-10-12,100,0.0,15.4,16.4,precipitacao
2009-10-12,200,0.0,16.1,17.1,precipitacao
2009-10-12,300,0.4,17.8,18.2,precipitacao
2009-10-12,400,11.6,15.4,17.9,precipitacao
2009-10-12,500,5.8,15.4,15.6,precipitacao
2009-10-12,600,7.4,15.2,15.4,precipitacao
2009-10-12,700,8.2,15.2,15.3,precipitacao
2009-10-12,800,8.0,15.6,15.6,precipitacao
2009-10-12,900,9.0,15.4,15.6,precipitacao
2009-10-12,1000,7.4,15.5,15.6,precipitacao
2009-10-12,1100,3.8,15.3,15.6,precipitacao
2009-10-12,1200,1.0,15.3,15.4,precipitacao
2009-10-12,1300,0.0,16.3,16.4,precipitacao
2009-10-12,1400,0.0,17.5,17.5,precipitacao
2009-10-12,1500,0.0,18.3,18.5,precipitacao
2009-10-12,1600,0.0,16.8,18.9,precipitacao
2009-10-12,1700,0.0,19.3,19.6,precipitacao
2009-10-12,1800,0.0,18.8,20.1,precipitacao
2009-10-12,1900,0.0,19.4,20.0,precipitacao
2009-10-12,2000,0.0,19.3,19.8,precipitacao
2009-10-12,2100,0.0,18.6,19.6,precipitacao
2009-10-12,2200,0.0,14.7,18.6,precipitacao
2009-10-12,2300,0.0,12.5,14.7,precipitacao
2010-03-14,0,4.2,17.5,18.5,precipitacao
2010-03-14,100,1.0,16.6,17.5,precipitacao
2010-03-14,200,0.2,16.9,17.1,precipitacao
2010-03-14,300,0.4,16.6,16.9,precipitacao
2010-03-14,400,0.0,16.4,16.7,precipitacao
2010-03-14,500,0.0,16.2,16.5,precipitacao
2010-03-14,600,5.8,16.0,17.6,precipitacao
2010-03-14,700,3.6,15.4,16.1,precipitacao
2010-03-14,800,0.0,15.2,15.5,precipitacao
2010-03-14,900,5.8,15.4,15.7,precipitacao
2010-03-14,1000,9.0,16.1,16.2,precipitacao
2010-03-14,1100,4.6,15.8,16.2,precipitacao
2010-03-14,1200,3.8,15.8,15.9,precipitacao
2010-03-14,1300,5.0,16.2,16.2,precipitacao
2010-03-14,1400,5.0,17.0,17.0,precipitacao
2010-03-14,1500,2.0,17.1,17.2,precipitacao
2010-03-14,1600,1.2,17.4,17.5,precipitacao
2010-03-14,1700,0.2,18.2,18.4,precipitacao
2010-03-14,1800,0.4,17.6,18.2,precipitacao
2010-03-14,1900,0.6,16.9,17.6,precipitacao
2010-03-14,2000,0.6,16.8,17.1,precipitacao
2010-03-14,2100,0.6,16.1,16.9,precipitacao
2010-03-14,2200,0.0,15.9,16.2,precipitacao
2010-03-14,2300,0.0,15.2,16.3,precipitacao
2010-03-24,0,0.0,17.7,18.0,precipitacao
2010-03-24,100,0.0,18.0,18.0,precipitacao
2010-03-24,200,0.0,17.9,18.1,precipitacao
2010-03-24,300,0.0,17.9,18.0,precipitacao
2010-03-24,400,0.0,18.1,18.3,precipitacao
2010-03-24,500,0.0,18.1,18.2,precipitacao
2010-03-24,600,0.0,18.2,18.2,precipitacao
2010-03-24,700,1.6,18.0,18.2,precipitacao
2010-03-24,800,0.2,18.0,18.1,precipitacao
2010-03-24,900,0.0,18.2,18.2,precipitacao
2010-03-24,1000,0.2,18.2,18.3,precipitacao
2010-03-24,1100,0.4,18.8,18.8,precipitacao
2010-03-24,1200,2.6,18.8,18.8,precipitacao
2010-03-24,1300,15.6,18.4,18.8,precipitacao
2010-03-24,1400,3.4,19.2,19.2,precipitacao
2010-03-24,1500,0.2,19.3,19.5,precipitacao
2010-03-24,1600,3.0,19.3,19.9,precipitacao
2010-03-24,1700,18.2,19.1,19.3,precipitacao
2010-03-24,1800,9.2,19.1,19.4,precipitacao
2010-03-24,1900,3.8,18.7,19.1,precipitacao
2010-03-24,2000,1.2,18.6,18.8,precipitacao
2010-03-24,2100,0.0,18.8,18.8,precipitacao
2010-03-24,2200,0.0,18.3,18.8,precipitacao
2010-03-24,2300,0.2,18.3,18.5,precipitacao
2010-03-27,0,4.2,18.8,19.0,precipitacao
2010-03-27,100,1.8,18.5,18.8,precipitacao
2010-03-27,200,0.2,18.2,18.5,precipitacao
2010-03-27,300,0.0,18.4,18.5,precipitacao
2010-03-27,400,0.0,18.5,18.6,precipitacao
2010-03-27,500,0.0,18.8,18.8,precipitacao
2010-03-27,600,0.2,18.7,18.9,precipitacao
2010-03-27,700,0.2,18.5,18.8,precipitacao
2010-03-27,800,0.2,18.8,18.9,precipitacao
2010-03-27,900,0.0,18.7,18.9,precipitacao
2010-03-27,1000,0.2,18.5,18.7,precipitacao
2010-03-27,1100,0.6,18.7,18.7,precipitacao
2010-03-27,1200,1.8,18.6,18.8,precipitacao
2010-03-27,1300,2.6,19.0,19.0,precipitacao
2010-03-27,1400,1.2,19.9,19.9,precipitacao
2010-03-27,1500,0.2,21.6,21.9,precipitacao
2010-03-27,1600,0.0,22.5,23.2,precipitacao
2010-03-27,1700,1.8,21.1,22.8,precipitacao
2010-03-27,1800,0.4,21.6,21.6,precipitacao
2010-03-27,1900,0.2,22.0,22.4,precipitacao
2010-03-27,2000,15.0,18.5,22.0,precipitacao
2010-03-27,2100,2.6,19.0,19.0,precipitacao
2010-03-27,2200,6.8,18.3,19.3,precipitacao
2010-03-27,2300,12.0,17.6,18.3,precipitacao
2010-04-22,0,1.0,16.0,16.1,precipitacao
2010-04-22,100,12.8,15.9,16.0,precipitacao
2010-04-22,200,8.4,16.0,16.2,precipitacao
2010-04-22,300,0.8,16.2,16.2,precipitacao
2010-04-22,400,7.4,16.8,17.0,precipitacao
2010-04-22,500,10.0,16.8,16.9,precipitacao
2010-04-22,600,6.2,16.6,16.8,precipitacao
2010-04-22,700,2.6,17.0,17.1,precipitacao
2010-04-22,800,1.6,17.4,17.4,precipitacao
2010-04-22,900,2.0,17.3,17.5,precipitacao
2010-04-22,1000,5.0,17.6,17.6,precipitacao
2010-04-22,1100,0.6,17.6,17.7,precipitacao
2010-04-22,1200,2.4,17.5,17.7,precipitacao
2010-04-22,1300,8.0,17.6,17.6,precipitacao
2010-04-22,1400,6.8,17.6,17.7,precipitacao
2010-04-22,1500,20.2,16.6,17.7,precipitacao
2010-04-22,1600,,,,precipitacao
2010-04-22,1700,,,,precipitacao
2010-04-22,1800,,,,precipitacao
2010-04-22,1900,,,,precipitacao
2010-04-22,2000,,,,precipitacao
2010-04-22,2100,,,,precipitacao
2010-04-22,2200,,,,precipitacao
2010-04-22,2300,,,,precipitacao
2010-05-07,0,0.0,13.2,13.6,precipitacao
2010-05-07,100,0.0,11.8,13.3,precipitacao
2010-05-07,200,0.0,11.3,12.3,precipitacao
2010-05-07,300,0.0,10.9,11.8,precipitacao
2010-05-07,400,0.0,10.2,11.6,precipitacao
2010-05-07,500,0.2,9.8,10.6,precipitacao
2010-05-07,600,0.0,9.8,9.9,precipitacao
2010-05-07,700,0.0,9.5,10.3,precipitacao
2010-05-07,800,0.0,9.9,10.0,precipitacao
2010-05-07,900,0.0,9.7,10.0,precipitacao
2010-05-07,1000,0.0,10.4,10.6,precipitacao
2010-05-07,1100,0.0,10.3,10.4,precipitacao
2010-05-07,1200,4.0,11.4,12.0,precipitacao
2010-05-07,1300,6.0,11.6,12.0,precipitacao
2010-05-07,1400,10.6,12.6,12.7,precipitacao
2010-05-07,1500,10.2,13.5,13.5,precipitacao
2010-05-07,1600,6.6,13.7,13.9,precipitacao
2010-05-07,1700,5.6,14.5,14.6,precipitacao
2010-05-07,1800,2.4,14.7,14.7,precipitacao
2010-05-07,1900,1.2,15.0,15.0,precipitacao
2010-05-07,2000,2.8,15.4,15.4,precipitacao
2010-05-07,2100,3.0,15.0,15.4,precipitacao
2010-05-07,2200,1.0,15.2,15.4,precipitacao
2010-05-07,2300,2.8,15.1,15.2,precipitacao
2010-12-04,0,0.0,18.1,19.1,precipitacao
2010-12-04,100,0.0,17.6,18.1,precipitacao
2010-12-04,200,0.0,17.0,17.8,precipitacao
2010-12-04,300,0.2,16.9,17.1,precipitacao
2010-12-04,400,0.0,16.3,16.9,precipitacao
2010-12-04,500,0.0,15.6,16.3,precipitacao
2010-12-04,600,0.0,15.8,16.1,precipitacao
2010-12-04,700,0.0,15.8,16.1,precipitacao
2010-12-04,800,0.2,15.9,16.0,precipitacao
2010-12-04,900,0.0,16.2,16.2,precipitacao
2010-12-04,1000,0.0,17.8,17.9,precipitacao
2010-12-04,1100,0.0,19.5,19.6,precipitacao
2010-12-04,1200,0.0,21.7,21.7,precipitacao
2010-12-04,1300,10.8,18.9,21.7,precipitacao
2010-12-04,1400,33.0,18.8,18.9,precipitacao
2010-12-04,1500,18.8,17.6,18.8,precipitacao
2010-12-04,1600,2.4,18.2,18.3,precipitacao
2010-12-04,1700,0.0,19.3,19.3,precipitacao
2010-12-04,1800,0.0,18.7,19.2,precipitacao
2010-12-04,1900,0.2,18.8,18.8,precipitacao
2010-12-04,2000,0.2,18.9,19.1,precipitacao
2010-12-04,2100,0.2,18.2,19.0,precipitacao
2010-12-04,2200,3.6,17.7,18.2,precipitacao
2010-12-04,2300,0.8,17.2,17.8,precipitacao
2010-12-11,0,3.2,19.4,19.7,precipitacao
2010-12-11,100,0.0,19.5,19.5,precipitacao
2010-12-11,200,0.0,18.8,19.5,precipitacao
2010-12-11,300,0.0,17.8,18.8,precipitacao
2010-12-11,400,0.0,17.3,17.8,precipitacao
2010-12-11,500,1.0,17.2,17.4,precipitacao
2010-12-11,600,3.0,17.3,17.4,precipitacao
2010-12-11,700,1.8,17.6,17.6,precipitacao
2010-12-11,800,6.0,18.0,18.0,precipitacao
2010-12-11,900,3.4,18.2,18.2,precipitacao
2010-12-11,1000,1.0,18.4,18.5,precipitacao
2010-12-11,1100,0.6,17.5,18.4,precipitacao
2010-12-11,1200,16.4,16.5,17.7,precipitacao
2010-12-11,1300,7.6,16.6,16.6,precipitacao
2010-12-11,1400,4.6,17.1,17.2,precipitacao
2010-12-11,1500,3.8,17.6,17.7,precipitacao
2010-12-11,1600,1.2,17.8,18.2,precipitacao
2010-12-11,1700,1.8,18.3,18.3,precipitacao
2010-12-11,1800,3.6,17.9,18.3,precipitacao
2010-12-11,1900,2.4,18.2,18.2,precipitacao
2010-12-11,2000,0.4,18.2,18.5,precipitacao
2010-12-11,2100,0.2,18.2,18.4,precipitacao
2010-12-11,2200,0.2,17.8,18.2,precipitacao
2010-12-11,2300,0.2,16.8,17.8,precipitacao
2011-01-16,0,34.0,18.3,19.2,precipitacao
2011-01-16,100,53.2,17.6,18.3,precipitacao
2011-01-16,200,43.6,17.0,17.6,precipitacao
2011-01-16,300,4.4,17.0,17.1,precipitacao
2011-01-16,400,8.0,17.1,17.1,precipitacao
2011-01-16,500,14.0,16.8,17.1,precipitacao
2011-01-16,600,0.4,17.1,17.1,precipitacao
2011-01-16,700,0.0,17.6,17.6,precipitacao
2011-01-16,800,0.0,17.7,17.7,precipitacao
2011-01-16,900,0.0,17.7,17.7,precipitacao
2011-01-16,1000,0.0,18.1,18.1,precipitacao
2011-01-16,1100,0.0,19.0,19.0,precipitacao
2011-01-16,1200,0.0,20.5,20.8,precipitacao
2011-01-16,1300,0.0,21.6,21.8,precipitacao
2011-01-16,1400,0.0,23.5,23.5,precipitacao
2011-01-16,1500,0.0,24.8,24.8,precipitacao
2011-01-16,1600,0.0,25.7,26.3,precipitacao
2011-01-16,1700,0.0,25.3,27.0,precipitacao
2011-01-16,1800,8.8,16.8,25.3,precipitacao
2011-01-16,1900,4.2,20.9,20.9,precipitacao
2011-01-16,2000,1.8,23.2,23.7,precipitacao
2011-01-16,2100,1.2,24.2,24.7,precipitacao
2011-01-16,2200,1.0,21.5,24.3,precipitacao
2011-01-16,2300,0.8,19.1,21.5,precipitacao
2012-01-13,0,0.0,19.2,19.8,precipitacao
2012-01-13,100,0.2,18.5,19.2,precipitacao
2012-01-13,200,0.0,18.5,18.6,precipitacao
2012-01-13,300,0.0,18.7,18.7,precipitacao
2012-01-13,400,0.2,18.2,18.7,precipitacao
2012-01-13,500,0.0,18.0,18.2,precipitacao
2012-01-13,600,0.0,17.9,18.1,precipitacao
2012-01-13,700,0.0,17.9,18.0,precipitacao
2012-01-13,800,0.0,17.9,18.0,precipitacao
2012-01-13,900,0.2,17.8,17.9,precipitacao
2012-01-13,1000,0.2,18.2,18.3,precipitacao
2012-01-13,1100,0.4,18.3,18.6,precipitacao
2012-01-13,1200,3.6,18.0,18.4,precipitacao
2012-01-13,1300,5.4,17.9,18.0,precipitacao
2012-01-13,1400,11.8,18.0,18.0,precipitacao
2012-01-13,1500,1.8,18.5,18.7,precipitacao
2012-01-13,1600,4.6,18.7,18.8,precipitacao
2012-01-13,1700,4.0,18.9,18.9,precipitacao
2012-01-13,1800,2.6,19.0,19.1,precipitacao
2012-01-13,1900,1.8,19.2,19.3,precipitacao
2012-01-13,2000,1.8,19.5,19.6,precipitacao
2012-01-13,2100,4.2,18.8,19.6,precipitacao
2012-01-13,2200,5.8,18.4,18.8,precipitacao
2012-01-13,2300,7.6,18.2,18.4,precipitacao
2012-04-26,0,0.2,16.2,16.5,precipitacao
2012-04-26,100,0.8,15.9,16.3,precipitacao
2012-04-26,200,4.4,15.8,15.9,precipitacao
2012-04-26,300,8.2,15.9,16.0,precipitacao
2012-04-26,400,21.2,14.4,15.9,precipitacao
2012-04-26,500,18.2,14.2,14.4,precipitacao
2012-04-26,600,11.0,14.3,14.3,precipitacao
2012-04-26,700,10.0,14.1,14.3,precipitacao
2012-04-26,800,12.4,13.5,14.2,precipitacao
2012-04-26,900,8.8,12.9,13.5,precipitacao
2012-04-26,1000,8.4,12.8,12.9,precipitacao
2012-04-26,1100,3.2,13.0,13.0,precipitacao
2012-04-26,1200,0.6,13.2,13.2,precipitacao
2012-04-26,1300,0.6,13.4,13.4,precipitacao
2012-04-26,1400,5.8,13.6,13.7,precipitacao
2012-04-26,1500,2.0,14.0,14.2,precipitacao
2012-04-26,1600,1.8,14.2,14.2,precipitacao
2012-04-26,1700,0.6,14.6,14.6,precipitacao
2012-04-26,1800,0.0,15.5,15.7,precipitacao
2012-04-26,1900,0.0,15.7,15.8,precipitacao
2012-04-26,2000,0.0,15.4,16.2,precipitacao
2012-04-26,2100,0.0,14.5,15.4,precipitacao
2012-04-26,2200,0.0,14.4,14.5,precipitacao
2012-04-26,2300,0.0,14.6,14.7,precipitacao
2013-03-23,0,94.4,13.8,16.1,precipitacao
2013-03-23,100,35.0,12.9,13.8,precipitacao
2013-03-23,200,12.8,12.2,13.1,precipitacao
2013-03-23,300,7.8,11.4,12.3,precipitacao
2013-03-23,400,10.0,10.8,11.7,precipitacao
2013-03-23,500,0.4,11.0,11.6,precipitacao
2013-03-23,600,0.0,11.8,12.0,precipitacao
2013-03-23,700,0.0,12.7,12.7,precipitacao
2013-03-23,800,14.6,13.4,13.5,precipitacao
2013-03-23,900,0.0,13.6,13.6,precipitacao
2013-03-23,1000,0.0,13.7,13.9,precipitacao
2013-03-23,1100,11.6,14.4,14.5,precipitacao
2013-03-23,1200,0.0,15.8,16.1,precipitacao
2013-03-23,1300,5.2,20.0,20.2,precipitacao
2013-03-23,1400,0.2,20.4,21.8,precipitacao
2013-03-23,1500,0.0,22.0,23.5,precipitacao
2013-03-23,1600,0.0,21.7,24.0,precipitacao
2013-03-23,1700,0.0,23.4,23.4,precipitacao
2013-03-23,1800,0.2,23.8,23.9,precipitacao
2013-03-23,1900,2.6,23.8,25.0,precipitacao
2013-03-23,2000,0.0,22.3,23.9,precipitacao
2013-03-23,2100,0.0,21.1,22.3,precipitacao
2013-03-23,2200,0.0,17.2,21.1,precipitacao
2013-03-23,2300,0.0,15.2,17.2,precipitacao
2013-05-15,0,0.0,15.4,16.6,precipitacao
2013-05-15,100,0.0,14.6,15.5,precipitacao
2013-05-15,200,0.0,14.4,14.8,precipitacao
2013-05-15,300,0.0,14.0,14.4,precipitacao
2013-05-15,400,0.0,13.6,14.1,precipitacao
2013-05-15,500,0.0,13.3,13.9,precipitacao
2013-05-15,600,0.0,13.8,13.9,precipitacao
2013-05-15,700,0.0,14.4,14.6,precipitacao
2013-05-15,800,0.0,14.5,14.6,precipitacao
2013-05-15,900,0.4,14.4,14.6,precipitacao
2013-05-15,1000,17.4,15.0,15.0,precipitacao
2013-05-15,1100,11.8,15.1,15.1,precipitacao
2013-05-15,1200,2.4,15.6,15.8,precipitacao
2013-05-15,1300,0.0,16.3,16.3,precipitacao
2013-05-15,1400,0.0,16.2,16.6,precipitacao
2013-05-15,1500,1.2,16.5,16.5,precipitacao
2013-05-15,1600,7.8,16.3,16.6,precipitacao
2013-05-15,1700,7.0,16.4,16.5,precipitacao
2013-05-15,1800,6.2,16.8,17.1,precipitacao
2013-05-15,1900,3.4,16.8,17.0,precipitacao
2013-05-15,2000,5.2,16.2,16.8,precipitacao
2013-05-15,2100,1.8,16.0,16.3,precipitacao
2013-05-15,2200,3.0,15.4,16.0,precipitacao
2013-05-15,2300,2.2,15.1,15.7,precipitacao
2013-06-19,0,0.0,14.9,15.0,precipitacao
2013-06-19,100,1.2,14.8,14.9,precipitacao
2013-06-19,200,0.6,14.9,15.0,precipitacao
2013-06-19,300,1.8,14.8,14.9,precipitacao
2013-06-19,400,20.2,15.2,15.2,precipitacao
2013-06-19,500,5.4,15.1,15.2,precipitacao
2013-06-19,600,4.0,15.0,15.1,precipitacao
2013-06-19,700,11.0,15.0,15.0,precipitacao
2013-06-19,800,5.4,14.7,15.0,precipitacao
2013-06-19,900,6.6,14.7,14.9,precipitacao
2013-06-19,1000,11.0,14.4,14.7,precipitacao
2013-06-19,1100,5.0,14.2,14.5,precipitacao
2013-06-19,1200,0.6,14.8,14.8,precipitacao
2013-06-19,1300,0.0,15.5,15.5,precipitacao
2013-06-19,1400,0.4,15.6,15.6,precipitacao
2013-06-19,1500,0.0,16.3,16.5,precipitacao
2013-06-19,1600,0.0,16.1,16.3,precipitacao
2013-06-19,1700,0.0,16.6,16.7,precipitacao
2013-06-19,1800,0.0,16.7,16.9,precipitacao
2013-06-19,1900,0.2,16.7,17.0,precipitacao
2013-06-19,2000,0.0,16.4,16.7,precipitacao
2013-06-19,2100,0.2,16.0,16.4,precipitacao
2013-06-19,2200,0.0,15.8,16.0,precipitacao
2013-06-19,2300,0.0,15.7,15.9,precipitacao
2013-06-20,0,0.0,15.5,15.7,precipitacao
2013-06-20,100,0.0,15.5,15.6,precipitacao
2013-06-20,200,0.2,15.4,15.5,precipitacao
2013-06-20,300,0.2,15.5,15.5,precipitacao
2013-06-20,400,0.2,15.5,15.5,precipitacao
2013-06-20,500,0.0,15.5,15.6,precipitacao
2013-06-20,600,0.0,15.6,15.6,precipitacao
2013-06-20,700,0.0,15.5,15.6,precipitacao
2013-06-20,800,0.2,15.7,15.7,precipitacao
2013-06-20,900,5.2,15.7,15.8,precipitacao
2013-06-20,1000,5.8,15.7,15.8,precipitacao
2013-06-20,1100,3.6,14.9,15.8,precipitacao
2013-06-20,1200,5.8,14.4,14.9,precipitacao
2013-06-20,1300,6.0,14.0,14.5,precipitacao
2013-06-20,1400,5.6,14.0,14.1,precipitacao
2013-06-20,1500,6.6,13.9,14.0,precipitacao
2013-06-20,1600,2.6,14.5,14.5,precipitacao
2013-06-20,1700,1.0,14.7,15.0,precipitacao
2013-06-20,1800,0.6,14.6,15.1,precipitacao
2013-06-20,1900,1.2,14.5,14.6,precipitacao
2013-06-20,2000,1.0,13.8,14.5,precipitacao
2013-06-20,2100,1.2,13.7,14.0,precipitacao
2013-06-20,2200,0.6,13.6,13.8,precipitacao
2013-06-20,2300,2.6,13.6,13.8,precipitacao
2013-06-21,0,4.2,13.8,13.9,precipitacao
2013-06-21,100,1.6,13.8,13.9,precipitacao
2013-06-21,200,4.6,13.6,13.9,precipitacao
2013-06-21,300,1.6,13.4,13.6,precipitacao
2013-06-21,400,0.2,13.5,13.6,precipitacao
2013-06-21,500,6.4,13.3,13.6,precipitacao
2013-06-21,600,7.8,13.2,13.4,precipitacao
2013-06-21,700,3.4,13.0,13.2,precipitacao
2013-06-21,800,3.4,13.1,13.2,precipitacao
2013-06-21,900,7.6,13.1,13.2,precipitacao
2013-06-21,1000,5.4,13.5,13.5,precipitacao
2013-06-21,1100,5.4,13.4,13.5,precipitacao
2013-06-21,1200,2.6,13.4,13.6,precipitacao
2013-06-21,1300,5.8,14.0,14.0,precipitacao
2013-06-21,1400,6.8,14.0,14.2,precipitacao
2013-06-21,1500,3.8,14.5,14.6,precipitacao
2013-06-21,1600,5.2,15.2,15.2,precipitacao
2013-06-21,1700,1.4,15.6,15.7,precipitacao
2013-06-21,1800,2.0,14.8,15.7,precipitacao
2013-06-21,1900,1.2,14.1,14.9,precipitacao
2013-06-21,2000,0.0,12.8,14.1,precipitacao
2013-06-21,2100,1.4,11.6,12.8,precipitacao
2013-06-21,2200,0.2,11.3,11.7,precipitacao
2013-06-21,2300,0.0,10.9,11.4,precipitacao
2013-08-26,0,1.6,14.6,15.1,precipitacao
2013-08-26,100,1.2,14.6,14.7,precipitacao
2013-08-26,200,1.6,14.6,14.7,precipitacao
2013-08-26,300,3.0,14.6,14.6,precipitacao
2013-08-26,400,3.6,14.6,14.7,precipitacao
2013-08-26,500,8.4,14.6,14.7,precipitacao
2013-08-26,600,6.8,14.4,14.6,precipitacao
2013-08-26,700,1.8,14.3,14.4,precipitacao
2013-08-26,800,4.4,13.5,14.3,precipitacao
2013-08-26,900,4.8,12.4,13.5,precipitacao
2013-08-26,1000,3.8,12.1,12.4,precipitacao
2013-08-26,1100,2.2,11.8,12.0,precipitacao
2013-08-26,1200,2.4,12.1,12.1,precipitacao
2013-08-26,1300,1.6,11.5,12.1,precipitacao
2013-08-26,1400,1.2,11.5,11.8,precipitacao
2013-08-26,1500,1.4,11.6,11.7,precipitacao
2013-08-26,1600,0.2,11.7,11.9,precipitacao
2013-08-26,1700,0.2,11.6,11.8,precipitacao
2013-08-26,1800,0.2,12.1,12.1,precipitacao
2013-08-26,1900,0.4,12.0,12.1,precipitacao
2013-08-26,2000,0.4,11.9,12.1,precipitacao
2013-08-26,2100,0.8,11.6,11.9,precipitacao
2013-08-26,2200,0.4,11.4,11.6,precipitacao
2013-08-26,2300,1.2,10.7,11.5,precipitacao
2013-09-16,0,0.0,17.1,17.2,precipitacao
2013-09-16,100,0.2,17.0,17.1,precipitacao
2013-09-16,200,0.0,16.9,17.0,precipitacao
2013-09-16,300,0.0,16.6,16.9,precipitacao
2013-09-16,400,0.0,16.3,16.7,precipitacao
2013-09-16,500,0.4,16.4,16.5,precipitacao
2013-09-16,600,1.8,16.5,16.5,precipitacao
2013-09-16,700,1.6,16.5,16.5,precipitacao
2013-09-16,800,1.4,16.2,16.7,precipitacao
2013-09-16,900,2.8,16.2,16.3,precipitacao
2013-09-16,1000,5.4,16.0,16.2,precipitacao
2013-09-16,1100,5.6,16.4,16.4,precipitacao
2013-09-16,1200,3.6,16.5,16.5,precipitacao
2013-09-16,1300,4.8,16.7,16.7,precipitacao
2013-09-16,1400,8.2,16.5,16.7,precipitacao
2013-09-16,1500,7.8,16.5,16.5,precipitacao
2013-09-16,1600,5.2,16.6,17.0,precipitacao
2013-09-16,1700,8.6,16.5,16.6,precipitacao
2013-09-16,1800,4.8,16.6,16.7,precipitacao
2013-09-16,1900,11.4,16.4,16.6,precipitacao
2013-09-16,2000,1.8,16.5,16.6,precipitacao
2013-09-16,2100,0.6,16.6,16.7,precipitacao
2013-09-16,2200,1.0,16.5,16.6,precipitacao
2013-09-16,2300,0.0,16.5,16.6,precipitacao
2013-09-22,0,0.0,15.4,15.4,precipitacao
2013-09-22,100,0.0,15.4,15.5,precipitacao
2013-09-22,200,1.0,15.3,15.4,precipitacao
2013-09-22,300,0.0,15.4,15.5,precipitacao
2013-09-22,400,1.6,15.3,15.4,precipitacao
2013-09-22,500,5.0,15.3,15.4,precipitacao
2013-09-22,600,17.6,15.3,15.5,precipitacao
2013-09-22,700,2.2,15.5,15.5,precipitacao
2013-09-22,800,1.0,16.0,16.1,precipitacao
2013-09-22,900,18.6,15.6,16.1,precipitacao
2013-09-22,1000,18.2,15.6,15.7,precipitacao
2013-09-22,1100,4.2,15.5,15.6,precipitacao
2013-09-22,1200,3.4,15.8,15.9,precipitacao
2013-09-22,1300,0.6,15.9,16.5,precipitacao
2013-09-22,1400,0.6,15.8,15.9,precipitacao
2013-09-22,1500,0.8,15.8,16.1,precipitacao
2013-09-22,1600,2.2,15.8,16.2,precipitacao
2013-09-22,1700,6.8,16.4,16.5,precipitacao
2013-09-22,1800,0.4,15.7,16.4,precipitacao
2013-09-22,1900,4.0,15.1,15.7,precipitacao
2013-09-22,2000,6.6,14.7,15.1,precipitacao
2013-09-22,2100,1.8,14.8,14.9,precipitacao
2013-09-22,2200,0.2,14.6,14.8,precipitacao
2013-09-22,2300,0.2,14.7,14.7,precipitacao
2013-12-14,0,0.0,19.5,19.9,precipitacao
2013-12-14,100,0.0,19.1,19.5,precipitacao
2013-12-14,200,1.6,18.4,20.1,precipitacao
2013-12-14,300,0.0,18.3,18.5,precipitacao
2013-12-14,400,0.0,18.0,18.3,precipitacao
2013-12-14,500,0.0,17.8,18.0,precipitacao
2013-12-14,600,0.4,17.6,17.8,precipitacao
2013-12-14,700,0.4,17.5,17.6,precipitacao
2013-12-14,800,2.4,17.2,17.5,precipitacao
2013-12-14,900,1.4,17.3,17.4,precipitacao
2013-12-14,1000,0.6,17.8,17.8,precipitacao
2013-12-14,1100,1.2,18.8,18.8,precipitacao
2013-12-14,1200,0.0,20.1,20.1,precipitacao
2013-12-14,1300,0.0,21.0,21.3,precipitacao
2013-12-14,1400,0.0,21.7,22.1,precipitacao
2013-12-14,1500,0.0,24.4,25.0,precipitacao
2013-12-14,1600,0.0,23.5,25.7,precipitacao
2013-12-14,1700,1.2,23.6,24.3,precipitacao
2013-12-14,1800,0.0,25.3,25.5,precipitacao
2013-12-14,1900,0.0,22.4,26.3,precipitacao
2013-12-14,2000,21.0,18.1,22.4,precipitacao
2013-12-14,2100,17.0,18.6,18.7,precipitacao
2013-12-14,2200,3.4,18.0,18.9,precipitacao
2013-12-14,2300,0.0,17.0,18.0,precipitacao
2014-05-01,0,9.4,15.1,15.2,precipitacao
2014-05-01,100,8.6,15.4,15.4,precipitacao
2014-05-01,200,10.4,15.7,16.0,precipitacao
2014-05-01,300,19.6,15.5,15.7,precipitacao
2014-05-01,400,8.8,15.5,15.6,precipitacao
2014-05-01,500,2.6,16.4,16.5,precipitacao
2014-05-01,600,0.0,16.5,16.8,precipitacao
2014-05-01,700,0.0,16.3,16.5,precipitacao
2014-05-01,800,0.0,17.3,17.4,precipitacao
2014-05-01,900,0.6,17.0,17.3,precipitacao
2014-05-01,1000,2.4,16.9,17.0,precipitacao
2014-05-01,1100,5.6,17.4,17.4,precipitacao
2014-05-01,1200,0.0,18.1,18.1,precipitacao
2014-05-01,1300,0.0,18.4,18.8,precipitacao
2014-05-01,1400,0.0,18.4,19.0,precipitacao
2014-05-01,1500,0.0,19.3,20.7,precipitacao
2014-05-01,1600,0.0,19.7,20.4,precipitacao
2014-05-01,1700,0.0,20.3,21.9,precipitacao
2014-05-01,1800,0.0,20.0,20.8,precipitacao
2014-05-01,1900,0.0,20.2,21.5,precipitacao
2014-05-01,2000,0.0,19.8,20.6,precipitacao
2014-05-01,2100,0.0,17.0,19.8,precipitacao
2014-05-01,2200,0.0,14.2,17.0,precipitacao
2014-05-01,2300,0.0,12.5,14.2,precipitacao
2014-06-06,0,1.6,17.6,19.7,precipitacao
2014-06-06,100,4.6,16.7,17.6,precipitacao
2014-06-06,200,7.4,16.6,16.7,precipitacao
2014-06-06,300,6.8,17.0,17.0,precipitacao
2014-06-06,400,0.6,16.7,17.0,precipitacao
2014-06-06,500,0.0,16.5,16.8,precipitacao
2014-06-06,600,0.0,16.8,16.9,precipitacao
2014-06-06,700,0.0,16.4,16.8,precipitacao
2014-06-06,800,0.0,16.2,16.6,precipitacao
2014-06-06,900,0.0,16.1,16.3,precipitacao
2014-06-06,1000,0.0,16.3,16.3,precipitacao
2014-06-06,1100,0.0,16.3,16.3,precipitacao
2014-06-06,1200,0.0,17.0,17.1,precipitacao
2014-06-06,1300,0.0,19.0,19.0,precipitacao
2014-06-06,1400,0.0,19.0,19.2,precipitacao
2014-06-06,1500,0.0,19.1,20.0,precipitacao
2014-06-06,1600,2.2,19.7,19.8,precipitacao
2014-06-06,1700,1.4,18.7,20.0,precipitacao
2014-06-06,1800,10.0,18.3,18.7,precipitacao
2014-06-06,1900,5.4,17.8,18.3,precipitacao
2014-06-06,2000,1.8,17.6,17.8,precipitacao
2014-06-06,2100,5.4,17.3,17.6,precipitacao
2014-06-06,2200,1.4,17.2,17.3,precipitacao
2014-06-06,2300,2.2,17.2,17.3,precipitacao
2014-06-07,0,6.2,17.0,17.2,precipitacao
2014-06-07,100,1.4,16.9,17.1,precipitacao
2014-06-07,200,0.2,16.8,16.9,precipitacao
2014-06-07,300,0.0,16.8,16.8,precipitacao
2014-06-07,400,0.6,17.0,17.0,precipitacao
2014-06-07,500,0.4,17.1,17.4,precipitacao
2014-06-07,600,1.0,17.3,17.5,precipitacao
2014-06-07,700,0.0,17.4,17.6,precipitacao
2014-06-07,800,0.0,17.1,17.5,precipitacao
2014-06-07,900,0.0,17.0,17.1,precipitacao
2014-06-07,1000,1.8,16.8,17.0,precipitacao
2014-06-07,1100,0.4,16.9,16.9,precipitacao
2014-06-07,1200,1.6,17.0,17.1,precipitacao
2014-06-07,1300,2.8,17.0,17.0,precipitacao
2014-06-07,1400,4.2,17.0,17.1,precipitacao
2014-06-07,1500,10.0,17.0,17.0,precipitacao
2014-06-07,1600,8.0,17.0,17.0,precipitacao
2014-06-07,1700,4.2,16.8,17.1,precipitacao
2014-06-07,1800,5.8,17.3,17.3,precipitacao
2014-06-07,1900,2.2,17.1,17.4,precipitacao
2014-06-07,2000,5.2,17.0,17.2,precipitacao
2014-06-07,2100,5.2,17.2,17.2,precipitacao
2014-06-07,2200,3.2,17.2,17.7,precipitacao
2014-06-07,2300,6.0,17.1,17.4,precipitacao
2014-06-08,0,3.2,17.1,17.2,precipitacao
2014-06-08,100,0.6,16.9,17.2,precipitacao
2014-06-08,200,0.2,16.2,16.9,precipitacao
2014-06-08,300,2.6,15.8,16.3,precipitacao
2014-06-08,400,4.2,16.2,16.2,precipitacao
2014-06-08,500,0.6,16.2,16.6,precipitacao
2014-06-08,600,0.0,16.3,16.5,precipitacao
2014-06-08,700,2.2,16.2,16.3,precipitacao
2014-06-08,800,5.8,16.6,16.6,precipitacao
2014-06-08,900,7.8,16.5,16.9,precipitacao
2014-06-08,1000,8.2,16.5,16.5,precipitacao
2014-06-08,1100,5.6,16.4,16.6,precipitacao
2014-06-08,1200,5.6,16.3,16.5,precipitacao
2014-06-08,1300,12.8,16.2,16.3,precipitacao
2014-06-08,1400,12.2,16.1,16.2,precipitacao
2014-06-08,1500,17.4,15.5,16.1,precipitacao
2014-06-08,1600,7.4,15.6,15.6,precipitacao
2014-06-08,1700,9.2,15.5,15.6,precipitacao
2014-06-08,1800,4.6,16.6,16.6,precipitacao
2014-06-08,1900,1.2,17.1,17.1,precipitacao
2014-06-08,2000,0.6,15.6,17.1,precipitacao
2014-06-08,2100,0.0,15.4,16.0,precipitacao
2014-06-08,2200,0.0,14.1,15.5,precipitacao
2014-06-08,2300,0.2,12.4,14.1,precipitacao
2014-06-27,0,8.8,14.3,14.6,precipitacao
2014-06-27,100,8.8,14.1,14.3,precipitacao
2014-06-27,200,2.8,14.2,14.3,precipitacao
2014-06-27,300,4.2,14.7,14.9,precipitacao
2014-06-27,400,5.0,14.6,14.8,precipitacao
2014-06-27,500,7.4,14.5,14.7,precipitacao
2014-06-27,600,11.8,14.4,14.7,precipitacao
2014-06-27,700,5.6,14.5,14.5,precipitacao
2014-06-27,800,2.0,14.2,14.5,precipitacao
2014-06-27,900,1.2,14.6,14.6,precipitacao
2014-06-27,1000,3.2,14.4,14.6,precipitacao
2014-06-27,1100,0.8,14.9,14.9,precipitacao
2014-06-27,1200,0.0,15.2,15.2,precipitacao
2014-06-27,1300,0.0,15.8,15.8,precipitacao
2014-06-27,1400,0.0,15.8,15.9,precipitacao
2014-06-27,1500,0.2,16.1,16.5,precipitacao
2014-06-27,1600,2.6,16.1,16.2,precipitacao
2014-06-27,1700,0.0,16.2,16.3,precipitacao
2014-06-27,1800,0.0,16.2,16.5,precipitacao
2014-06-27,1900,0.0,15.9,16.2,precipitacao
2014-06-27,2000,0.4,15.7,15.9,precipitacao
2014-06-27,2100,3.2,15.8,16.0,precipitacao
2014-06-27,2200,12.8,15.8,16.1,precipitacao
2014-06-27,2300,0.2,16.2,16.4,precipitacao
2014-08-31,0,0.0,13.9,14.9,precipitacao
2014-08-31,100,0.0,13.1,13.9,precipitacao
2014-08-31,200,0.0,12.2,13.3,precipitacao
2014-08-31,300,0.0,11.5,12.5,precipitacao
2014-08-31,400,0.0,11.7,11.9,precipitacao
2014-08-31,500,0.0,10.9,11.8,precipitacao
2014-08-31,600,0.0,11.0,11.3,precipitacao
2014-08-31,700,0.0,10.6,11.5,precipitacao
2014-08-31,800,0.0,11.7,12.8,precipitacao
2014-08-31,900,0.0,11.4,12.1,precipitacao
2014-08-31,1000,0.0,11.1,11.4,precipitacao
2014-08-31,1100,15.4,15.1,15.7,precipitacao
2014-08-31,1200,0.8,15.8,15.8,precipitacao
2014-08-31,1300,13.2,15.6,16.2,precipitacao
2014-08-31,1400,8.2,15.6,15.6,precipitacao
2014-08-31,1500,6.0,15.7,15.7,precipitacao
2014-08-31,1600,4.4,15.8,15.8,precipitacao
2014-08-31,1700,4.4,15.9,15.9,precipitacao
2014-08-31,1800,4.0,15.6,16.0,precipitacao
2014-08-31,1900,2.2,15.2,15.7,precipitacao
2014-08-31,2000,0.4,15.0,15.2,precipitacao
2014-08-31,2100,0.0,15.0,15.2,precipitacao
2014-08-31,2200,0.0,14.0,15.1,precipitacao
2014-08-31,2300,0.0,13.5,14.0,precipitacao
2014-09-29,0,0.0,15.9,16.2,precipitacao
2014-09-29,100,0.0,16.1,16.1,precipitacao
2014-09-29,200,0.0,16.3,16.4,precipitacao
2014-09-29,300,0.0,16.4,16.4,precipitacao
2014-09-29,400,0.0,16.6,16.6,precipitacao
2014-09-29,500,0.0,16.6,16.6,precipitacao
2014-09-29,600,0.0,16.6,16.6,precipitacao
2014-09-29,700,0.0,16.5,16.6,precipitacao
2014-09-29,800,0.0,16.9,17.0,precipitacao
2014-09-29,900,18.4,17.0,17.4,precipitacao
2014-09-29,1000,25.0,16.7,17.0,precipitacao
2014-09-29,1100,13.6,16.5,16.7,precipitacao
2014-09-29,1200,5.2,16.4,16.6,precipitacao
2014-09-29,1300,,,,precipitacao
2014-09-29,1400,7.0,16.5,16.6,precipitacao
2014-09-29,1500,,,,precipitacao
2014-09-29,1600,,,,precipitacao
2014-09-29,1700,2.2,17.2,17.3,precipitacao
2014-09-29,1800,0.8,18.0,18.0,precipitacao
2014-09-29,1900,0.6,17.8,18.1,precipitacao
2014-09-29,2000,0.2,17.2,17.8,precipitacao
2014-09-29,2100,1.0,16.7,17.2,precipitacao
2014-09-29,2200,,,,precipitacao
2014-09-29,2300,,,,precipitacao
2014-11-07,0,0.6,20.1,20.1,precipitacao
2014-11-07,100,1.6,19.8,20.1,precipitacao
2014-11-07,200,11.0,18.5,19.8,precipitacao
2014-11-07,300,5.6,18.3,18.5,precipitacao
2014-11-07,400,2.8,17.9,18.4,precipitacao
2014-11-07,500,1.2,17.2,17.9,precipitacao
2014-11-07,600,3.8,16.7,17.3,precipitacao
2014-11-07,700,0.6,16.2,16.7,precipitacao
2014-11-07,800,0.0,15.7,16.6,precipitacao
2014-11-07,900,0.0,15.8,15.9,precipitacao
2014-11-07,1000,0.0,16.7,16.7,precipitacao
2014-11-07,1100,0.0,17.3,17.4,precipitacao
2014-11-07,1200,0.0,17.3,17.5,precipitacao
2014-11-07,1300,1.6,17.2,17.4,precipitacao
2014-11-07,1400,21.8,16.8,17.2,precipitacao
2014-11-07,1500,6.0,16.9,17.0,precipitacao
2014-11-07,1600,7.8,16.9,17.0,precipitacao
2014-11-07,1700,6.6,17.1,17.1,precipitacao
2014-11-07,1800,2.2,17.1,17.3,precipitacao
2014-11-07,1900,9.0,16.9,17.2,precipitacao
2014-11-07,2000,1.4,17.3,17.3,precipitacao
2014-11-07,2100,0.0,17.3,17.6,precipitacao
2014-11-07,2200,0.0,16.4,17.3,precipitacao
2014-11-07,2300,0.0,16.0,16.4,precipitacao
2014-12-12,0,0.0,20.3,21.0,precipitacao
2014-12-12,100,0.0,19.7,20.3,precipitacao
2014-12-12,200,0.0,18.8,19.8,precipitacao
2014-12-12,300,0.0,19.7,19.7,precipitacao
2014-12-12,400,2.2,20.5,20.7,precipitacao
2014-12-12,500,3.4,20.6,20.7,precipitacao
2014-12-12,600,0.2,20.4,20.7,precipitacao
2014-12-12,700,0.0,20.2,20.4,precipitacao
2014-12-12,800,0.0,20.1,20.2,precipitacao
2014-12-12,900,0.0,20.1,20.1,precipitacao
2014-12-12,1000,0.2,20.7,20.7,precipitacao
2014-12-12,1100,0.0,21.3,21.3,precipitacao
2014-12-12,1200,0.0,22.6,22.6,precipitacao
2014-12-12,1300,0.0,23.0,23.7,precipitacao
2014-12-12,1400,0.0,25.3,25.8,precipitacao
2014-12-12,1500,0.0,26.5,26.8,precipitacao
2014-12-12,1600,0.0,26.2,26.9,precipitacao
2014-12-12,1700,0.4,24.0,26.2,precipitacao
2014-12-12,1800,5.6,20.7,24.0,precipitacao
2014-12-12,1900,0.0,25.3,25.6,precipitacao
2014-12-12,2000,0.0,23.8,25.3,precipitacao
2014-12-12,2100,0.0,22.3,23.8,precipitacao
2014-12-12,2200,8.4,18.8,22.3,precipitacao
2014-12-12,2300,30.8,17.8,18.8,precipitacao
2015-10-09,0,11.6,17.5,19.0,precipitacao
2015-10-09,100,17.8,15.4,17.5,precipitacao
2015-10-09,200,2.8,14.9,15.5,precipitacao
2015-10-09,300,1.4,14.6,14.9,precipitacao
2015-10-09,400,2.4,14.4,14.6,precipitacao
2015-10-09,500,4.8,14.4,14.6,precipitacao
2015-10-09,600,1.2,14.3,14.5,precipitacao
2015-10-09,700,0.2,14.2,14.4,precipitacao
2015-10-09,800,0.2,14.5,14.5,precipitacao
2015-10-09,900,0.0,14.6,14.6,precipitacao
2015-10-09,1000,0.0,14.9,14.9,precipitacao
2015-10-09,1100,0.0,15.8,15.8,precipitacao
2015-10-09,1200,0.0,16.8,16.8,precipitacao
2015-10-09,1300,0.0,17.6,18.0,precipitacao
2015-10-09,1400,4.0,17.2,17.6,precipitacao
2015-10-09,1500,0.4,18.0,18.1,precipitacao
2015-10-09,1600,0.6,18.4,18.6,precipitacao
2015-10-09,1700,5.2,19.7,19.8,precipitacao
2015-10-09,1800,0.0,20.3,20.5,precipitacao
2015-10-09,1900,9.8,16.8,20.3,precipitacao
2015-10-09,2000,5.2,16.8,17.0,precipitacao
2015-10-09,2100,2.2,16.4,16.8,precipitacao
2015-10-09,2200,4.4,16.2,16.4,precipitacao
2015-10-09,2300,1.8,16.4,16.4,precipitacao
2015-10-23,0,0.0,16.3,16.6,precipitacao
2015-10-23,100,0.0,16.3,16.7,precipitacao
2015-10-23,200,0.0,15.6,16.3,precipitacao
2015-10-23,300,0.0,15.1,15.7,precipitacao
2015-10-23,400,0.0,15.3,15.3,precipitacao
2015-10-23,500,0.0,15.2,15.3,precipitacao
2015-10-23,600,0.0,15.1,15.2,precipitacao
2015-10-23,700,0.0,15.1,15.3,precipitacao
2015-10-23,800,0.0,14.7,15.1,precipitacao
2015-10-23,900,0.2,14.5,14.7,precipitacao
2015-10-23,1000,0.0,14.8,14.9,precipitacao
2015-10-23,1100,0.0,15.8,16.0,precipitacao
2015-10-23,1200,0.0,17.0,17.0,precipitacao
2015-10-23,1300,0.0,18.8,19.2,precipitacao
2015-10-23,1400,0.0,21.2,21.2,precipitacao
2015-10-23,1500,0.0,24.7,24.9,precipitacao
2015-10-23,1600,0.0,25.1,25.2,precipitacao
2015-10-23,1700,0.0,25.7,26.5,precipitacao
2015-10-23,1800,0.0,25.9,26.9,precipitacao
2015-10-23,1900,40.0,16.6,25.9,precipitacao
2015-10-23,2000,24.6,17.5,17.7,precipitacao
2015-10-23,2100,2.6,17.6,17.8,precipitacao
2015-10-23,2200,0.0,17.6,17.8,precipitacao
2015-10-23,2300,0.0,17.6,17.6,precipitacao
2015-11-08,0,0.0,15.9,16.0,precipitacao
2015-11-08,100,0.0,16.2,16.2,precipitacao
2015-11-08,200,0.0,16.8,16.8,precipitacao
2015-11-08,300,0.0,16.5,16.8,precipitacao
2015-11-08,400,0.0,16.0,16.5,precipitacao
2015-11-08,500,0.2,15.5,16.0,precipitacao
2015-11-08,600,8.2,14.9,15.5,precipitacao
2015-11-08,700,11.2,14.6,14.9,precipitacao
2015-11-08,800,0.2,14.6,14.7,precipitacao
2015-11-08,900,0.0,14.4,14.8,precipitacao
2015-11-08,1000,0.0,14.9,15.1,precipitacao
2015-11-08,1100,5.6,14.1,14.9,precipitacao
2015-11-08,1200,3.6,14.0,14.2,precipitacao
2015-11-08,1300,15.8,14.0,14.1,precipitacao
2015-11-08,1400,3.2,14.6,14.6,precipitacao
2015-11-08,1500,2.4,14.8,15.1,precipitacao
2015-11-08,1600,3.6,15.2,15.3,precipitacao
2015-11-08,1700,0.6,15.2,15.5,precipitacao
2015-11-08,1800,4.4,15.7,15.7,precipitacao
2015-11-08,1900,0.2,15.4,15.8,precipitacao
2015-11-08,2000,0.2,16.0,16.0,precipitacao
2015-11-08,2100,0.0,15.6,16.2,precipitacao
2015-11-08,2200,0.0,15.1,15.6,precipitacao
2015-11-08,2300,0.4,14.9,15.1,precipitacao
2015-12-27,0,0.0,22.7,23.0,precipitacao
2015-12-27,100,0.0,21.6,22.7,precipitacao
2015-12-27,200,0.0,20.6,21.6,precipitacao
2015-12-27,300,0.0,19.7,20.6,precipitacao
2015-12-27,400,0.0,19.8,19.9,precipitacao
2015-12-27,500,0.0,19.3,20.1,precipitacao
2015-12-27,600,0.0,20.5,20.7,precipitacao
2015-12-27,700,0.0,20.0,20.5,precipitacao
2015-12-27,800,0.0,19.6,20.1,precipitacao
2015-12-27,900,0.0,19.9,19.9,precipitacao
2015-12-27,1000,0.0,20.9,20.9,precipitacao
2015-12-27,1100,0.0,22.8,22.8,precipitacao
2015-12-27,1200,0.0,24.3,24.8,precipitacao
2015-12-27,1300,0.0,27.0,27.0,precipitacao
2015-12-27,1400,0.0,27.2,28.5,precipitacao
2015-12-27,1500,0.0,26.7,28.4,precipitacao
2015-12-27,1600,0.0,27.3,27.3,precipitacao
2015-12-27,1700,0.0,25.9,27.6,precipitacao
2015-12-27,1800,0.0,26.2,26.4,precipitacao
2015-12-27,1900,0.2,23.8,26.2,precipitacao
2015-12-27,2000,25.2,19.3,23.8,precipitacao
2015-12-27,2100,23.8,18.8,19.4,precipitacao
2015-12-27,2200,5.4,18.8,18.9,precipitacao
2015-12-27,2300,1.6,18.9,18.9,precipitacao
2016-01-10,0,0.0,21.5,21.9,precipitacao
2016-01-10,100,0.0,21.3,21.5,precipitacao
2016-01-10,200,1.0,21.2,21.4,precipitacao
2016-01-10,300,2.2,21.1,21.3,precipitacao
2016-01-10,400,10.2,20.0,21.2,precipitacao
2016-01-10,500,9.2,19.9,20.0,precipitacao
2016-01-10,600,4.2,19.5,19.9,precipitacao
2016-01-10,700,1.2,19.0,19.5,precipitacao
2016-01-10,800,1.4,18.8,19.0,precipitacao
2016-01-10,900,4.0,18.8,18.9,precipitacao
2016-01-10,1000,1.8,18.9,18.9,precipitacao
2016-01-10,1100,1.6,19.2,19.2,precipitacao
2016-01-10,1200,1.4,19.7,19.8,precipitacao
2016-01-10,1300,2.0,20.2,20.3,precipitacao
2016-01-10,1400,2.8,21.6,21.6,precipitacao
2016-01-10,1500,0.0,23.7,23.9,precipitacao
2016-01-10,1600,0.0,24.2,24.2,precipitacao
2016-01-10,1700,0.0,24.9,25.3,precipitacao
2016-01-10,1800,6.4,22.5,25.4,precipitacao
2016-01-10,1900,3.0,21.0,22.8,precipitacao
2016-01-10,2000,2.2,21.2,21.3,precipitacao
2016-01-10,2100,0.2,21.4,21.5,precipitacao
2016-01-10,2200,0.2,21.1,21.5,precipitacao
2016-01-10,2300,0.0,20.9,21.2,precipitacao
2016-03-25,0,0.8,18.4,18.6,precipitacao
2016-03-25,100,3.6,18.2,18.5,precipitacao
2016-03-25,200,4.4,18.0,18.2,precipitacao
2016-03-25,300,5.4,17.7,18.0,precipitacao
2016-03-25,400,2.6,17.5,17.6,precipitacao
2016-03-25,500,0.6,17.3,17.5,precipitacao
2016-03-25,600,4.2,17.1,17.3,precipitacao
2016-03-25,700,1.6,17.2,17.3,precipitacao
2016-03-25,800,5.4,17.0,17.3,precipitacao
2016-03-25,900,4.4,17.1,17.2,precipitacao
2016-03-25,1000,2.0,17.3,17.3,precipitacao
2016-03-25,1100,3.8,17.5,17.6,precipitacao
2016-03-25,1200,1.4,18.1,18.1,precipitacao
2016-03-25,1300,0.6,18.6,18.6,precipitacao
2016-03-25,1400,2.4,19.1,19.1,precipitacao
2016-03-25,1500,1.0,19.9,20.2,precipitacao
2016-03-25,1600,1.8,20.0,20.3,precipitacao
2016-03-25,1700,3.4,20.6,20.6,precipitacao
2016-03-25,1800,0.0,21.2,21.5,precipitacao
2016-03-25,1900,0.8,20.6,21.5,precipitacao
2016-03-25,2000,2.6,19.7,20.6,precipitacao
2016-03-25,2100,21.6,19.2,19.7,precipitacao
2016-03-25,2200,3.4,18.8,19.2,precipitacao
2016-03-25,2300,0.0,19.0,19.0,precipitacao
2016-05-20,0,0.0,6.4,7.6,precipitacao
2016-05-20,100,0.0,5.1,6.6,precipitacao
2016-05-20,200,0.0,7.4,7.4,precipitacao
2016-05-20,300,0.0,8.4,8.4,precipitacao
2016-05-20,400,0.0,10.0,10.1,precipitacao
2016-05-20,500,0.0,12.1,12.1,precipitacao
2016-05-20,600,0.0,12.1,12.2,precipitacao
2016-05-20,700,0.4,12.1,12.2,precipitacao
2016-05-20,800,0.2,12.0,12.1,precipitacao
2016-05-20,900,0.0,11.9,12.0,precipitacao
2016-05-20,1000,0.4,11.8,11.9,precipitacao
2016-05-20,1100,0.2,11.8,11.8,precipitacao
2016-05-20,1200,0.0,12.0,12.1,precipitacao
2016-05-20,1300,2.2,12.1,12.2,precipitacao
2016-05-20,1400,16.0,11.9,12.1,precipitacao
2016-05-20,1500,6.8,12.0,12.0,precipitacao
2016-05-20,1600,5.8,11.9,12.0,precipitacao
2016-05-20,1700,7.8,11.8,11.9,precipitacao
2016-05-20,1800,7.6,12.0,12.0,precipitacao
2016-05-20,1900,4.2,12.1,12.2,precipitacao
2016-05-20,2000,2.0,12.5,12.6,precipitacao
2016-05-20,2100,0.0,12.3,12.5,precipitacao
2016-05-20,2200,4.2,12.6,12.6,precipitacao
2016-05-20,2300,3.6,12.5,12.6,precipitacao
2016-08-20,0,6.4,12.5,12.6,precipitacao
2016-08-20,100,10.8,12.4,12.6,precipitacao
2016-08-20,200,7.4,12.4,12.5,precipitacao
2016-08-20,300,5.8,12.5,12.5,precipitacao
2016-08-20,400,1.2,12.6,12.8,precipitacao
2016-08-20,500,1.2,12.9,12.9,precipitacao
2016-08-20,600,0.2,12.4,12.9,precipitacao
2016-08-20,700,0.0,12.3,12.5,precipitacao
2016-08-20,800,0.0,12.5,12.5,precipitacao
2016-08-20,900,0.0,12.3,12.5,precipitacao
2016-08-20,1000,0.2,12.3,12.4,precipitacao
2016-08-20,1100,5.4,12.5,12.5,precipitacao
2016-08-20,1200,3.8,13.5,13.5,precipitacao
2016-08-20,1300,0.2,14.3,14.3,precipitacao
2016-08-20,1400,1.6,14.5,14.5,precipitacao
2016-08-20,1500,2.6,15.1,15.1,precipitacao
2016-08-20,1600,0.6,15.8,16.2,precipitacao
2016-08-20,1700,2.4,14.8,15.8,precipitacao
2016-08-20,1800,0.8,15.0,15.1,precipitacao
2016-08-20,1900,1.6,14.6,15.0,precipitacao
2016-08-20,2000,0.0,15.1,15.1,precipitacao
2016-08-20,2100,0.0,14.6,15.1,precipitacao
2016-08-20,2200,0.4,14.0,14.6,precipitacao
2016-08-20,2300,0.2,13.8,14.0,precipitacao
2016-10-25,0,4.8,19.4,20.2,precipitacao
2016-10-25,100,0.0,19.5,19.5,precipitacao
2016-10-25,200,0.0,19.2,19.5,precipitacao
2016-10-25,300,0.2,18.4,19.4,precipitacao
2016-10-25,400,0.0,18.2,18.4,precipitacao
2016-10-25,500,3.2,18.1,18.4,precipitacao
2016-10-25,600,5.0,18.1,18.2,precipitacao
2016-10-25,700,19.6,17.4,18.1,precipitacao
2016-10-25,800,17.6,16.8,17.4,precipitacao
2016-10-25,900,1.4,17.0,17.0,precipitacao
2016-10-25,1000,0.0,17.8,17.9,precipitacao
2016-10-25,1100,0.2,18.2,18.3,precipitacao
2016-10-25,1200,0.0,18.0,18.3,precipitacao
2016-10-25,1300,0.0,19.4,19.4,precipitacao
2016-10-25,1400,0.0,22.9,23.4,precipitacao
2016-10-25,1500,0.0,21.7,23.1,precipitacao
2016-10-25,1600,0.0,22.4,22.4,precipitacao
2016-10-25,1700,0.0,23.2,24.1,precipitacao
2016-10-25,1800,0.0,22.1,23.7,precipitacao
2016-10-25,1900,1.4,20.5,22.4,precipitacao
2016-10-25,2000,10.6,19.3,20.5,precipitacao
2016-10-25,2100,3.0,19.2,19.5,precipitacao
2016-10-25,2200,3.2,18.4,19.2,precipitacao
2016-10-25,2300,2.4,18.1,18.4,precipitacao
2017-05-19,0,1.6,14.6,14.8,precipitacao
2017-05-19,100,1.4,14.6,14.7,precipitacao
2017-05-19,200,2.6,14.6,14.8,precipitacao
2017-05-19,300,6.2,14.6,14.7,precipitacao
2017-05-19,400,7.8,14.4,14.6,precipitacao
2017-05-19,500,9.0,14.3,14.4,precipitacao
2017-05-19,600,13.0,14.2,14.4,precipitacao
2017-05-19,700,9.0,14.1,14.3,precipitacao
2017-05-19,800,1.0,14.3,14.3,precipitacao
2017-05-19,900,1.8,14.1,14.5,precipitacao
2017-05-19,1000,1.0,14.3,14.4,precipitacao
2017-05-19,1100,1.6,14.3,14.4,precipitacao
2017-05-19,1200,0.2,14.6,14.6,precipitacao
2017-05-19,1300,0.0,15.6,15.6,precipitacao
2017-05-19,1400,0.0,16.1,16.1,precipitacao
2017-05-19,1500,0.0,16.2,17.4,precipitacao
2017-05-19,1600,0.0,15.4,16.2,precipitacao
2017-05-19,1700,0.0,15.8,15.8,precipitacao
2017-05-19,1800,0.0,16.4,16.4,precipitacao
2017-05-19,1900,0.0,15.9,16.6,precipitacao
2017-05-19,2000,0.0,15.5,16.1,precipitacao
2017-05-19,2100,0.2,15.1,15.5,precipitacao
2017-05-19,2200,0.2,15.1,15.2,precipitacao
2017-05-19,2300,0.0,15.3,15.3,precipitacao
2017-05-28,0,23.8,15.7,18.7,precipitacao
2017-05-28,100,7.0,15.3,15.7,precipitacao
2017-05-28,200,0.6,15.0,15.3,precipitacao
2017-05-28,300,2.0,15.1,15.1,precipitacao
2017-05-28,400,0.6,14.7,15.1,precipitacao
2017-05-28,500,0.0,14.7,14.8,precipitacao
2017-05-28,600,0.0,14.5,14.7,precipitacao
2017-05-28,700,3.4,14.2,14.5,precipitacao
2017-05-28,800,3.2,14.2,14.3,precipitacao
2017-05-28,900,6.2,14.0,14.3,precipitacao
2017-05-28,1000,3.8,14.0,14.1,precipitacao
2017-05-28,1100,2.0,14.1,14.2,precipitacao
2017-05-28,1200,0.8,14.8,14.9,precipitacao
2017-05-28,1300,0.2,15.0,15.1,precipitacao
2017-05-28,1400,0.4,15.8,16.2,precipitacao
2017-05-28,1500,0.0,16.2,16.9,precipitacao
2017-05-28,1600,0.0,16.4,17.0,precipitacao
2017-05-28,1700,0.0,16.0,16.7,precipitacao
2017-05-28,1800,0.4,16.3,16.4,precipitacao
2017-05-28,1900,0.0,16.6,16.8,precipitacao
2017-05-28,2000,0.0,16.5,16.7,precipitacao
2017-05-28,2100,0.2,16.3,16.5,precipitacao
2017-05-28,2200,0.0,16.3,16.4,precipitacao
2017-05-28,2300,0.0,16.4,16.5,precipitacao
2017-05-31,0,0.0,14.8,14.8,precipitacao
2017-05-31,100,1.6,14.8,14.9,precipitacao
2017-05-31,200,0.0,14.8,14.9,precipitacao
2017-05-31,300,0.2,14.8,14.9,precipitacao
2017-05-31,400,0.0,14.8,14.9,precipitacao
2017-05-31,500,0.0,14.8,14.8,precipitacao
2017-05-31,600,1.4,14.7,14.8,precipitacao
2017-05-31,700,3.6,14.4,14.7,precipitacao
2017-05-31,800,3.0,14.4,14.5,precipitacao
2017-05-31,900,4.2,14.4,14.6,precipitacao
2017-05-31,1000,1.2,14.5,14.6,precipitacao
2017-05-31,1100,17.6,14.4,14.6,precipitacao
2017-05-31,1200,4.4,14.5,14.6,precipitacao
2017-05-31,1300,2.8,14.6,14.7,precipitacao
2017-05-31,1400,2.8,14.8,14.8,precipitacao
2017-05-31,1500,5.4,14.7,15.0,precipitacao
2017-05-31,1600,2.2,15.3,15.5,precipitacao
2017-05-31,1700,1.4,15.7,15.8,precipitacao
2017-05-31,1800,0.6,15.7,15.7,precipitacao
2017-05-31,1900,1.2,15.5,15.8,precipitacao
2017-05-31,2000,1.8,14.9,15.5,precipitacao
2017-05-31,2100,1.0,14.4,14.9,precipitacao
2017-05-31,2200,0.8,14.1,14.4,precipitacao
2017-05-31,2300,1.2,13.7,14.1,precipitacao
2017-10-21,0,0.0,15.8,15.9,precipitacao
2017-10-21,100,0.0,15.8,15.8,precipitacao
2017-10-21,200,0.0,15.6,15.8,precipitacao
2017-10-21,300,0.0,16.7,16.7,precipitacao
2017-10-21,400,0.0,16.5,16.8,precipitacao
2017-10-21,500,0.0,16.3,16.5,precipitacao
2017-10-21,600,0.0,16.3,16.4,precipitacao
2017-10-21,700,0.0,16.4,16.4,precipitacao
2017-10-21,800,0.8,16.2,16.4,precipitacao
2017-10-21,900,4.8,16.2,16.3,precipitacao
2017-10-21,1000,5.6,15.1,16.2,precipitacao
2017-10-21,1100,1.6,15.4,15.4,precipitacao
2017-10-21,1200,4.0,15.4,15.5,precipitacao
2017-10-21,1300,8.4,15.3,15.6,precipitacao
2017-10-21,1400,4.2,15.9,16.0,precipitacao
2017-10-21,1500,1.8,16.4,16.8,precipitacao
2017-10-21,1600,3.8,16.3,16.5,precipitacao
2017-10-21,1700,9.8,15.9,16.3,precipitacao
2017-10-21,1800,16.2,15.8,16.1,precipitacao
2017-10-21,1900,4.6,15.7,15.9,precipitacao
2017-10-21,2000,5.8,15.2,15.8,precipitacao
2017-10-21,2100,1.4,15.4,15.4,precipitacao
2017-10-21,2200,5.6,14.9,15.5,precipitacao
2017-10-21,2300,2.0,14.5,15.1,precipitacao
2017-12-29,0,10.4,18.8,19.0,precipitacao
2017-12-29,100,7.2,19.0,19.1,precipitacao
2017-12-29,200,9.2,18.9,19.1,precipitacao
2017-12-29,300,1.8,18.5,18.9,precipitacao
2017-12-29,400,0.8,17.9,18.6,precipitacao
2017-12-29,500,0.2,17.9,17.9,precipitacao
2017-12-29,600,0.6,18.1,18.1,precipitacao
2017-12-29,700,1.2,17.8,18.1,precipitacao
2017-12-29,800,2.4,17.8,17.8,precipitacao
2017-12-29,900,1.4,17.7,17.8,precipitacao
2017-12-29,1000,10.4,17.5,17.7,precipitacao
2017-12-29,1100,6.2,17.5,17.6,precipitacao
2017-12-29,1200,3.2,17.8,17.8,precipitacao
2017-12-29,1300,2.2,18.4,18.4,precipitacao
2017-12-29,1400,2.4,18.7,18.9,precipitacao
2017-12-29,1500,0.8,19.4,19.9,precipitacao
2017-12-29,1600,0.6,21.3,21.4,precipitacao
2017-12-29,1700,0.0,20.4,21.3,precipitacao
2017-12-29,1800,0.0,20.5,20.7,precipitacao
2017-12-29,1900,0.0,20.0,21.0,precipitacao
2017-12-29,2000,4.8,19.2,20.0,precipitacao
2017-12-29,2100,0.6,19.2,19.3,precipitacao
2017-12-29,2200,0.0,18.6,19.2,precipitacao
2017-12-29,2300,0.0,18.2,18.6,precipitacao
2018-10-13,0,0.0,17.1,18.3,precipitacao
2018-10-13,100,0.0,16.5,17.0,precipitacao
2018-10-13,200,0.0,17.0,17.1,precipitacao
2018-10-13,300,0.0,16.5,17.2,precipitacao
2018-10-13,400,0.0,16.2,16.8,precipitacao
2018-10-13,500,0.0,16.2,16.9,precipitacao
2018-10-13,600,0.0,16.5,16.5,precipitacao
2018-10-13,700,0.0,16.8,16.8,precipitacao
2018-10-13,800,0.6,16.4,16.8,precipitacao
2018-10-13,900,0.4,16.6,16.9,precipitacao
2018-10-13,1000,23.6,17.7,17.7,precipitacao
2018-10-13,1100,4.4,18.2,18.5,precipitacao
2018-10-13,1200,5.0,18.2,18.4,precipitacao
2018-10-13,1300,7.2,18.4,18.4,precipitacao
2018-10-13,1400,5.8,18.4,18.5,precipitacao
2018-10-13,1500,6.0,18.8,18.9,precipitacao
2018-10-13,1600,4.0,19.2,19.4,precipitacao
2018-10-13,1700,1.0,19.6,19.7,precipitacao
2018-10-13,1800,0.2,19.9,20.0,precipitacao
2018-10-13,1900,0.2,20.5,20.6,precipitacao
2018-10-13,2000,0.0,20.5,21.1,precipitacao
2018-10-13,2100,0.0,20.0,20.5,precipitacao
2018-10-13,2200,0.0,19.3,20.0,precipitacao
2018-10-13,2300,0.0,18.7,19.3,precipitacao
2019-02-07,0,0.0,16.2,17.6,precipitacao
2019-02-07,100,0.0,15.1,16.2,precipitacao
2019-02-07,200,0.0,13.5,15.1,precipitacao
2019-02-07,300,0.0,14.4,14.5,precipitacao
2019-02-07,400,0.0,15.6,15.6,precipitacao
2019-02-07,500,0.0,16.3,16.3,precipitacao
2019-02-07,600,0.0,16.2,16.3,precipitacao
2019-02-07,700,0.0,16.1,16.3,precipitacao
2019-02-07,800,0.0,16.0,16.1,precipitacao
2019-02-07,900,0.0,15.9,16.0,precipitacao
2019-02-07,1000,0.0,16.2,16.2,precipitacao
2019-02-07,1100,0.0,16.7,16.9,precipitacao
2019-02-07,1200,0.0,18.0,18.2,precipitacao
2019-02-07,1300,0.0,20.5,20.5,precipitacao
2019-02-07,1400,0.0,23.8,23.8,precipitacao
2019-02-07,1500,0.0,24.7,25.8,precipitacao
2019-02-07,1600,0.0,26.3,26.4,precipitacao
2019-02-07,1700,0.0,27.0,27.8,precipitacao
2019-02-07,1800,0.0,27.5,27.5,precipitacao
2019-02-07,1900,0.0,22.1,27.5,precipitacao
2019-02-07,2000,17.4,16.8,22.4,precipitacao
2019-02-07,2100,12.8,16.3,16.8,precipitacao
2019-02-07,2200,15.8,15.9,16.4,precipitacao
2019-02-07,2300,5.6,15.8,15.9,precipitacao
2019-02-15,0,0.0,18.9,19.8,precipitacao
2019-02-15,100,0.0,18.3,18.8,precipitacao
2019-02-15,200,0.0,19.0,19.0,precipitacao
2019-02-15,300,0.0,18.9,19.2,precipitacao
2019-02-15,400,0.0,18.6,19.0,precipitacao
2019-02-15,500,0.2,18.3,18.6,precipitacao
2019-02-15,600,0.2,18.1,18.3,precipitacao
2019-02-15,700,0.2,17.9,18.1,precipitacao
2019-02-15,800,0.2,17.6,17.9,precipitacao
2019-02-15,900,0.4,17.4,17.6,precipitacao
2019-02-15,1000,13.8,16.9,17.4,precipitacao
2019-02-15,1100,14.8,16.7,17.0,precipitacao
2019-02-15,1200,6.6,16.5,16.7,precipitacao
2019-02-15,1300,6.4,16.1,16.5,precipitacao
2019-02-15,1400,6.2,15.5,16.1,precipitacao
2019-02-15,1500,4.2,15.7,15.8,precipitacao
2019-02-15,1600,6.8,16.1,16.1,precipitacao
2019-02-15,1700,2.0,16.5,17.2,precipitacao
2019-02-15,1800,0.6,16.2,16.7,precipitacao
2019-02-15,1900,0.0,16.4,16.8,precipitacao
2019-02-15,2000,0.0,16.5,17.0,precipitacao
2019-02-15,2100,0.0,16.7,16.7,precipitacao
2019-02-15,2200,0.0,16.3,16.7,precipitacao
2019-02-15,2300,0.0,16.1,16.4,precipitacao
2019-05-28,0,0.0,13.8,15.0,precipitacao
2019-05-28,100,0.0,13.4,13.8,precipitacao
2019-05-28,200,0.0,12.9,14.0,precipitacao
2019-05-28,300,0.0,12.6,13.7,precipitacao
2019-05-28,400,0.0,12.8,13.0,precipitacao
2019-05-28,500,0.0,13.7,13.7,precipitacao
2019-05-28,600,0.0,13.6,13.8,precipitacao
2019-05-28,700,1.6,13.7,14.0,precipitacao
2019-05-28,800,11.8,15.8,15.9,precipitacao
2019-05-28,900,8.8,15.4,15.9,precipitacao
2019-05-28,1000,6.4,15.6,15.6,precipitacao
2019-05-28,1100,3.6,15.5,15.8,precipitacao
2019-05-28,1200,3.0,15.6,15.7,precipitacao
2019-05-28,1300,8.2,15.9,15.9,precipitacao
2019-05-28,1400,8.8,15.9,15.9,precipitacao
2019-05-28,1500,6.8,16.0,16.0,precipitacao
2019-05-28,1600,4.4,16.6,16.6,precipitacao
2019-05-28,1700,0.2,17.6,17.7,precipitacao
2019-05-28,1800,0.6,16.3,17.6,precipitacao
2019-05-28,1900,0.6,16.8,17.4,precipitacao
2019-05-28,2000,0.0,16.1,16.8,precipitacao
2019-05-28,2100,0.0,15.7,16.2,precipitacao
2019-05-28,2200,0.0,15.6,15.8,precipitacao
2019-05-28,2300,0.0,15.1,15.7,precipitacao
2020-05-22,0,0.0,13.6,14.3,precipitacao
2020-05-22,100,0.0,13.4,13.7,precipitacao
2020-05-22,200,0.0,13.4,14.0,precipitacao
2020-05-22,300,0.0,13.3,13.7,precipitacao
2020-05-22,400,0.0,14.2,14.2,precipitacao
2020-05-22,500,0.0,14.7,14.7,precipitacao
2020-05-22,600,0.0,14.6,15.4,precipitacao
2020-05-22,700,1.0,14.5,15.5,precipitacao
2020-05-22,800,3.0,15.2,15.2,precipitacao
2020-05-22,900,12.8,15.7,15.7,precipitacao
2020-05-22,1000,15.2,15.5,15.7,precipitacao
2020-05-22,1100,13.8,14.8,15.4,precipitacao
2020-05-22,1200,8.2,15.6,15.6,precipitacao
2020-05-22,1300,7.0,15.6,15.8,precipitacao
2020-05-22,1400,6.8,15.9,15.9,precipitacao
2020-05-22,1500,5.4,16.1,16.2,precipitacao
2020-05-22,1600,2.2,15.7,16.2,precipitacao
2020-05-22,1700,1.2,15.2,15.7,precipitacao
2020-05-22,1800,1.0,14.8,15.2,precipitacao
2020-05-22,1900,0.2,14.5,15.0,precipitacao
2020-05-22,2000,0.2,14.2,14.6,precipitacao
2020-05-22,2100,0.0,14.3,14.4,precipitacao
2020-05-22,2200,0.0,14.7,14.8,precipitacao
2020-05-22,2300,0.0,14.9,14.9,precipitacao
2021-01-21,0,0.0,18.1,18.1,precipitacao
2021-01-21,100,0.0,18.1,18.1,precipitacao
2021-01-21,200,0.0,17.8,18.1,precipitacao
2021-01-21,300,0.0,17.6,17.8,precipitacao
2021-01-21,400,0.0,17.6,17.6,precipitacao
2021-01-21,500,1.4,17.7,17.7,precipitacao
2021-01-21,600,2.8,17.7,17.7,precipitacao
2021-01-21,700,1.8,17.6,17.7,precipitacao
2021-01-21,800,1.8,17.7,17.7,precipitacao
2021-01-21,900,1.8,17.7,17.7,precipitacao
2021-01-21,1000,1.6,17.9,17.9,precipitacao
2021-01-21,1100,1.6,18.2,18.2,precipitacao
2021-01-21,1200,1.6,18.6,18.7,precipitacao
2021-01-21,1300,1.6,18.6,18.7,precipitacao
2021-01-21,1400,1.8,19.1,19.4,precipitacao
2021-01-21,1500,2.2,19.2,19.6,precipitacao
2021-01-21,1600,2.4,21.1,21.5,precipitacao
2021-01-21,1700,2.4,20.8,21.5,precipitacao
2021-01-21,1800,6.4,21.1,21.1,precipitacao
2021-01-21,1900,9.4,21.1,21.8,precipitacao
2021-01-21,2000,12.6,20.4,21.3,precipitacao
2021-01-21,2100,12.4,19.7,20.6,precipitacao
2021-01-21,2200,11.8,19.0,19.7,precipitacao
2021-01-21,2300,2.0,18.5,19.0,precipitacao
