2019-01-02,0,0.0,28.3,29.7,temperatura
2019-01-02,100,0.0,27.7,28.3,temperatura
2019-01-02,200,0.0,27.9,27.9,temperatura
2019-01-02,300,0.0,27.0,28.0,temperatura
2019-01-02,400,0.0,27.2,27.2,temperatura
2019-01-02,500,0.0,25.8,27.2,temperatura
2019-01-02,600,0.0,24.9,26.0,temperatura
2019-01-02,700,0.0,24.5,25.0,temperatura
2019-01-02,800,0.0,25.2,25.3,temperatura
2019-01-02,900,0.0,24.1,25.2,temperatura
2019-01-02,1000,0.0,24.4,24.4,temperatura
2019-01-02,1100,0.0,25.1,25.1,temperatura
2019-01-02,1200,0.0,27.1,27.1,temperatura
2019-01-02,1300,0.0,29.8,30.0,temperatura
2019-01-02,1400,0.0,31.4,31.4,temperatura
2019-01-02,1500,0.0,33.0,33.2,temperatura
2019-01-02,1600,0.0,34.3,34.3,temperatura
2019-01-02,1700,0.0,34.8,35.5,temperatura
2019-01-02,1800,0.0,35.7,35.7,temperatura
2019-01-02,1900,0.0,32.0,36.2,temperatura
2019-01-02,2000,0.0,29.3,33.8,temperatura
2019-01-02,2100,0.0,31.8,32.3,temperatura
2019-01-02,2200,0.0,30.3,32.0,temperatura
2019-01-02,2300,0.0,29.6,30.3,temperatura
2019-10-12,0,0.0,21.6,22.3,temperatura
2019-10-12,100,0.0,20.8,21.6,temperatura
2019-10-12,200,0.0,21.5,21.5,temperatura
2019-10-12,300,0.0,21.8,21.9,temperatura
2019-10-12,400,0.0,21.4,22.1,temperatura
2019-10-12,500,0.0,21.1,21.4,temperatura
2019-10-12,600,0.0,22.7,22.7,temperatura
2019-10-12,700,0.0,22.4,22.7,temperatura
2019-10-12,800,0.0,22.5,22.7,temperatura
2019-10-12,900,0.0,21.9,22.6,temperatura
2019-10-12,1000,0.0,22.5,22.5,temperatura
2019-10-12,1100,0.0,24.6,24.6,temperatura
2019-10-12,1200,0.0,26.0,26.1,temperatura
2019-10-12,1300,0.0,28.5,28.8,temperatura
2019-10-12,1400,0.0,30.7,30.7,temperatura
2019-10-12,1500,0.0,31.3,31.7,temperatura
2019-10-12,1600,0.0,32.7,32.8,temperatura
2019-10-12,1700,0.0,33.6,34.3,temperatura
2019-10-12,1800,0.0,34.0,34.1,temperatura
2019-10-12,1900,0.0,34.9,35.4,temperatura
2019-10-12,2000,0.0,33.9,35.1,temperatura
2019-10-12,2100,0.0,32.2,33.8,temperatura
2019-10-12,2200,0.0,30.4,32.2,temperatura
2019-10-12,2300,0.0,28.6,30.4,temperatura
2019-12-27,0,0.0,24.7,24.7,temperatura
2019-12-27,100,0.0,24.7,25.0,temperatura
2019-12-27,200,0.0,25.3,25.3,temperatura
2019-12-27,300,0.0,25.0,25.3,temperatura
2019-12-27,400,0.0,25.0,25.0,temperatura
2019-12-27,500,0.0,24.8,25.1,temperatura
2019-12-27,600,0.0,25.0,25.2,temperatura
2019-12-27,700,0.0,24.7,25.0,temperatura
2019-12-27,800,0.0,24.1,24.7,temperatura
2019-12-27,900,0.0,24.1,24.2,temperatura
2019-12-27,1000,0.0,25.5,25.5,temperatura
2019-12-27,1100,0.0,27.3,27.3,temperatura
2019-12-27,1200,0.0,29.0,29.4,temperatura
2019-12-27,1300,0.0,31.3,31.3,temperatura
2019-12-27,1400,0.0,32.9,32.9,temperatura
2019-12-27,1500,0.0,34.1,34.2,temperatura
2019-12-27,1600,0.0,34.6,35.2,temperatura
2019-12-27,1700,0.0,35.6,36.1,temperatura
2019-12-27,1800,0.0,36.2,36.9,temperatura
2019-12-27,1900,0.0,35.7,36.9,temperatura
2019-12-27,2000,0.0,35.8,36.9,temperatura
2019-12-27,2100,0.0,35.0,36.0,temperatura
2019-12-27,2200,0.0,31.5,35.0,temperatura
2019-12-27,2300,0.0,29.3,31.5,temperatura
2019-12-28,0,0.0,27.7,29.3,temperatura
2019-12-28,100,0.0,27.1,27.7,temperatura
2019-12-28,200,0.0,26.5,27.2,temperatura
2019-12-28,300,0.0,25.6,26.5,temperatura
2019-12-28,400,0.0,24.3,25.6,temperatura
2019-12-28,500,0.0,22.0,24.4,temperatura
2019-12-28,600,0.0,20.5,22.7,temperatura
2019-12-28,700,0.0,20.6,22.8,temperatura
2019-12-28,800,0.0,22.6,23.3,temperatura
2019-12-28,900,0.0,24.0,24.0,temperatura
2019-12-28,1000,0.0,25.1,25.1,temperatura
2019-12-28,1100,0.0,26.6,26.7,temperatura
2019-12-28,1200,0.0,28.0,28.1,temperatura
2019-12-28,1300,0.0,30.2,30.2,temperatura
2019-12-28,1400,0.0,32.5,32.5,temperatura
2019-12-28,1500,0.0,34.0,34.6,temperatura
2019-12-28,1600,0.0,35.8,36.1,temperatura
2019-12-28,1700,0.0,37.6,37.6,temperatura
2019-12-28,1800,0.0,36.9,37.7,temperatura
2019-12-28,1900,0.0,36.4,37.7,temperatura
2019-12-28,2000,0.0,35.3,36.7,temperatura
2019-12-28,2100,0.0,31.7,35.4,temperatura
2019-12-28,2200,0.0,31.7,32.2,temperatura
2019-12-28,2300,0.0,28.3,31.7,temperatura
2019-12-29,0,0.0,26.8,28.4,temperatura
2019-12-29,100,0.0,24.9,27.3,temperatura
2019-12-29,200,0.0,24.4,25.0,temperatura
2019-12-29,300,0.0,24.6,25.0,temperatura
2019-12-29,400,0.0,24.6,24.8,temperatura
2019-12-29,500,0.0,25.6,25.6,temperatura
2019-12-29,600,0.0,23.6,26.0,temperatura
2019-12-29,700,0.0,24.9,24.9,temperatura
2019-12-29,800,0.0,26.2,26.5,temperatura
2019-12-29,900,0.0,23.6,26.2,temperatura
2019-12-29,1000,0.0,24.8,26.3,temperatura
2019-12-29,1100,0.0,30.2,30.2,temperatura
2019-12-29,1200,0.0,32.5,32.5,temperatura
2019-12-29,1300,0.0,33.4,34.0,temperatura
2019-12-29,1400,0.0,34.8,34.8,temperatura
2019-12-29,1500,0.0,35.8,36.0,temperatura
2019-12-29,1600,0.0,35.4,35.9,temperatura
2019-12-29,1700,0.0,36.1,36.6,temperatura
2019-12-29,1800,0.0,36.7,37.0,temperatura
2019-12-29,1900,0.0,36.2,37.0,temperatura
2019-12-29,2000,0.0,35.8,36.7,temperatura
2019-12-29,2100,0.0,34.1,36.0,temperatura
2019-12-29,2200,0.0,30.7,34.1,temperatura
2019-12-29,2300,0.0,28.4,30.6,temperatura
2019-12-30,0,0.0,27.5,28.4,temperatura
2019-12-30,100,0.0,26.6,27.5,temperatura
2019-12-30,200,0.0,25.1,26.6,temperatura
2019-12-30,300,0.0,24.3,25.2,temperatura
2019-12-30,400,0.0,23.7,24.4,temperatura
2019-12-30,500,0.0,22.9,24.0,temperatura
2019-12-30,600,0.0,22.7,23.1,temperatura
2019-12-30,700,0.0,21.5,22.7,temperatura
2019-12-30,800,0.0,21.1,22.0,temperatura
2019-12-30,900,0.0,22.7,22.7,temperatura
2019-12-30,1000,0.0,23.3,23.3,temperatura
2019-12-30,1100,0.0,26.9,26.9,temperatura
2019-12-30,1200,0.0,28.9,29.1,temperatura
2019-12-30,1300,0.0,30.2,30.6,temperatura
2019-12-30,1400,0.0,31.8,32.3,temperatura
2019-12-30,1500,0.0,32.8,33.1,temperatura
2019-12-30,1600,0.0,33.7,34.3,temperatura
2019-12-30,1700,0.0,34.3,34.8,temperatura
2019-12-30,1800,0.0,34.5,35.5,temperatura
2019-12-30,1900,0.0,33.8,35.2,temperatura
2019-12-30,2000,0.0,31.7,33.8,temperatura
2019-12-30,2100,0.0,29.6,31.7,temperatura
2019-12-30,2200,0.0,27.6,29.6,temperatura
2019-12-30,2300,0.0,26.1,27.7,temperatura
2019-12-31,0,0.0,24.9,26.1,temperatura
2019-12-31,100,0.0,23.8,24.9,temperatura
2019-12-31,200,0.0,23.2,23.9,temperatura
2019-12-31,300,0.0,22.7,23.2,temperatura
2019-12-31,400,0.0,22.6,22.7,temperatura
2019-12-31,500,0.0,23.2,23.2,temperatura
2019-12-31,600,0.0,24.1,24.1,temperatura
2019-12-31,700,0.0,24.7,25.1,temperatura
2019-12-31,800,0.0,23.5,25.0,temperatura
2019-12-31,900,0.0,23.6,24.1,temperatura
2019-12-31,1000,0.0,26.4,26.4,temperatura
2019-12-31,1100,0.0,26.8,26.9,temperatura
2019-12-31,1200,0.0,29.1,29.2,temperatura
2019-12-31,1300,0.0,32.1,32.3,temperatura
2019-12-31,1400,0.0,32.6,32.6,temperatura
2019-12-31,1500,0.0,33.4,33.4,temperatura
2019-12-31,1600,0.0,33.8,34.5,temperatura
2019-12-31,1700,0.0,35.2,35.3,temperatura
2019-12-31,1800,0.0,34.8,36.1,temperatura
2019-12-31,1900,0.0,35.0,35.6,temperatura
2019-12-31,2000,1.6,22.8,35.1,temperatura
2019-12-31,2100,4.2,24.1,24.1,temperatura
2019-12-31,2200,0.0,23.6,25.2,temperatura
2019-12-31,2300,13.2,21.5,23.8,temperatura
2020-01-09,0,0.0,21.8,23.3,temperatura
2020-01-09,100,0.0,20.8,21.8,temperatura
2020-01-09,200,0.0,20.2,20.8,temperatura
2020-01-09,300,0.0,19.7,20.2,temperatura
2020-01-09,400,0.0,19.8,19.9,temperatura
2020-01-09,500,0.0,20.1,20.1,temperatura
2020-01-09,600,0.0,20.5,20.5,temperatura
2020-01-09,700,0.0,20.8,20.8,temperatura
2020-01-09,800,0.0,21.3,21.3,temperatura
2020-01-09,900,0.0,21.5,21.5,temperatura
2020-01-09,1000,0.0,22.9,22.9,temperatura
2020-01-09,1100,0.0,25.1,25.1,temperatura
2020-01-09,1200,0.0,27.2,27.2,temperatura
2020-01-09,1300,0.0,30.2,30.4,temperatura
2020-01-09,1400,0.0,32.4,32.6,temperatura
2020-01-09,1500,0.0,33.1,33.9,temperatura
2020-01-09,1600,0.0,34.2,35.0,temperatura
2020-01-09,1700,0.0,33.7,35.3,temperatura
2020-01-09,1800,0.0,35.4,36.2,temperatura
2020-01-09,1900,0.0,35.4,36.1,temperatura
2020-01-09,2000,0.0,33.7,35.8,temperatura
2020-01-09,2100,0.0,28.0,34.0,temperatura
2020-01-09,2200,1.6,23.0,28.0,temperatura
2020-01-09,2300,1.8,21.9,23.0,temperatura
2020-02-16,0,0.0,25.4,26.4,temperatura
2020-02-16,100,0.0,25.3,25.5,temperatura
2020-02-16,200,0.0,24.9,25.3,temperatura
2020-02-16,300,0.0,24.3,24.9,temperatura
2020-02-16,400,0.0,23.8,24.3,temperatura
2020-02-16,500,0.0,23.2,24.0,temperatura
2020-02-16,600,0.0,22.3,23.2,temperatura
2020-02-16,700,0.0,22.0,22.3,temperatura
2020-02-16,800,0.0,21.8,22.0,temperatura
2020-02-16,900,0.0,21.8,22.0,temperatura
2020-02-16,1000,0.0,22.5,22.5,temperatura
2020-02-16,1100,0.0,26.0,26.0,temperatura
2020-02-16,1200,0.0,27.7,28.0,temperatura
2020-02-16,1300,0.0,29.2,29.7,temperatura
2020-02-16,1400,0.0,30.0,30.6,temperatura
2020-02-16,1500,0.0,31.2,32.1,temperatura
2020-02-16,1600,0.0,32.6,33.8,temperatura
2020-02-16,1700,0.0,33.6,35.1,temperatura
2020-02-16,1800,0.0,34.5,35.6,temperatura
2020-02-16,1900,0.0,34.4,34.7,temperatura
2020-02-16,2000,0.0,33.3,34.7,temperatura
2020-02-16,2100,0.0,31.8,33.8,temperatura
2020-02-16,2200,0.0,27.8,31.8,temperatura
2020-02-16,2300,0.0,26.4,27.8,temperatura
2020-03-09,0,0.0,26.4,26.8,temperatura
2020-03-09,100,0.0,25.2,26.7,temperatura
2020-03-09,200,0.0,24.8,25.4,temperatura
2020-03-09,300,0.0,23.5,24.8,temperatura
2020-03-09,400,0.0,22.8,23.5,temperatura
2020-03-09,500,0.0,23.3,23.7,temperatura
2020-03-09,600,0.0,23.5,23.7,temperatura
2020-03-09,700,0.0,23.5,23.7,temperatura
2020-03-09,800,0.0,23.4,23.6,temperatura
2020-03-09,900,0.0,23.1,23.4,temperatura
2020-03-09,1000,0.0,23.5,23.5,temperatura
2020-03-09,1100,0.0,24.8,24.8,temperatura
2020-03-09,1200,0.0,27.9,27.9,temperatura
2020-03-09,1300,0.0,30.6,30.8,temperatura
2020-03-09,1400,0.0,32.2,32.8,temperatura
2020-03-09,1500,0.0,33.1,33.6,temperatura
2020-03-09,1600,0.0,32.8,34.7,temperatura
2020-03-09,1700,0.0,35.6,35.6,temperatura
2020-03-09,1800,0.0,34.0,35.8,temperatura
2020-03-09,1900,0.0,33.8,36.2,temperatura
2020-03-09,2000,0.0,33.5,35.2,temperatura
2020-03-09,2100,0.0,32.1,33.5,temperatura
2020-03-09,2200,0.0,29.2,32.1,temperatura
2020-03-09,2300,0.0,28.1,29.2,temperatura
2020-03-12,0,0.0,23.0,24.2,temperatura
2020-03-12,100,0.0,21.8,22.9,temperatura
2020-03-12,200,0.0,21.3,21.8,temperatura
2020-03-12,300,0.0,20.8,21.3,temperatura
2020-03-12,400,0.0,20.3,20.8,temperatura
2020-03-12,500,0.0,20.0,20.6,temperatura
2020-03-12,600,0.0,20.0,20.1,temperatura
2020-03-12,700,0.0,20.6,20.7,temperatura
2020-03-12,800,0.0,20.7,20.7,temperatura
2020-03-12,900,0.0,21.1,21.2,temperatura
2020-03-12,1000,0.0,22.2,22.2,temperatura
2020-03-12,1100,0.0,23.4,23.4,temperatura
2020-03-12,1200,0.0,24.3,25.0,temperatura
2020-03-12,1300,0.0,26.9,26.9,temperatura
2020-03-12,1400,0.0,29.3,29.3,temperatura
2020-03-12,1500,0.0,32.1,32.5,temperatura
2020-03-12,1600,0.0,34.4,34.7,temperatura
2020-03-12,1700,0.0,35.4,35.7,temperatura
2020-03-12,1800,0.0,35.1,36.1,temperatura
2020-03-12,1900,0.0,35.7,36.4,temperatura
2020-03-12,2000,0.0,35.3,35.9,temperatura
2020-03-12,2100,0.0,33.9,35.6,temperatura
2020-03-12,2200,0.0,30.8,33.9,temperatura
2020-03-12,2300,0.0,29.5,30.8,temperatura
2020-03-14,0,0.0,23.4,24.5,temperatura
2020-03-14,100,0.0,22.2,23.4,temperatura
2020-03-14,200,0.0,21.5,22.2,temperatura
2020-03-14,300,0.0,21.1,21.5,temperatura
2020-03-14,400,0.0,20.9,21.1,temperatura
2020-03-14,500,0.0,21.1,21.1,temperatura
2020-03-14,600,0.0,21.4,21.6,temperatura
2020-03-14,700,0.0,21.8,21.8,temperatura
2020-03-14,800,0.0,22.1,22.2,temperatura
2020-03-14,900,0.0,22.1,22.3,temperatura
2020-03-14,1000,0.0,21.7,22.2,temperatura
2020-03-14,1100,0.0,23.8,23.8,temperatura
2020-03-14,1200,0.0,26.9,26.9,temperatura
2020-03-14,1300,0.0,29.3,29.3,temperatura
2020-03-14,1400,0.0,31.8,31.9,temperatura
2020-03-14,1500,0.0,33.4,33.7,temperatura
2020-03-14,1600,0.0,35.3,35.9,temperatura
2020-03-14,1700,0.0,36.0,36.8,temperatura
2020-03-14,1800,0.0,37.3,37.4,temperatura
2020-03-14,1900,0.0,37.0,37.7,temperatura
2020-03-14,2000,0.0,36.0,37.4,temperatura
2020-03-14,2100,0.0,34.2,36.1,temperatura
2020-03-14,2200,0.0,30.6,34.2,temperatura
2020-03-14,2300,0.0,27.1,30.6,temperatura
2020-12-11,0,0.0,21.2,23.0,temperatura
2020-12-11,100,0.0,19.8,21.2,temperatura
2020-12-11,200,0.0,18.9,19.8,temperatura
2020-12-11,300,0.0,18.9,18.9,temperatura
2020-12-11,400,0.0,19.5,19.6,temperatura
2020-12-11,500,0.0,19.4,19.6,temperatura
2020-12-11,600,0.0,19.7,19.7,temperatura
2020-12-11,700,0.0,20.2,20.6,temperatura
2020-12-11,800,0.0,20.1,20.3,temperatura
2020-12-11,900,0.0,20.4,20.5,temperatura
2020-12-11,1000,0.0,21.5,21.5,temperatura
2020-12-11,1100,0.0,23.0,23.1,temperatura
2020-12-11,1200,0.0,25.8,26.4,temperatura
2020-12-11,1300,0.0,28.4,28.5,temperatura
2020-12-11,1400,0.0,29.9,30.5,temperatura
2020-12-11,1500,0.0,32.1,32.3,temperatura
2020-12-11,1600,0.0,33.3,33.3,temperatura
2020-12-11,1700,0.0,33.6,34.4,temperatura
2020-12-11,1800,0.0,34.6,35.0,temperatura
2020-12-11,1900,0.0,34.4,35.3,temperatura
2020-12-11,2000,0.0,32.7,35.2,temperatura
2020-12-11,2100,0.0,31.2,33.8,temperatura
2020-12-11,2200,0.0,28.5,31.4,temperatura
2020-12-11,2300,0.0,28.7,28.8,temperatura
2021-01-11,0,0.0,26.8,27.9,temperatura
2021-01-11,100,0.0,26.0,26.8,temperatura
2021-01-11,200,0.0,25.6,26.1,temperatura
2021-01-11,300,0.0,25.1,25.6,temperatura
2021-01-11,400,0.0,25.3,25.4,temperatura
2021-01-11,500,0.0,25.1,25.3,temperatura
2021-01-11,600,0.0,24.7,25.1,temperatura
2021-01-11,700,0.0,24.2,24.7,temperatura
2021-01-11,800,0.0,23.4,24.2,temperatura
2021-01-11,900,0.0,23.1,23.4,temperatura
2021-01-11,1000,0.0,23.7,23.7,temperatura
2021-01-11,1100,0.0,26.0,26.0,temperatura
2021-01-11,1200,0.0,28.2,28.5,temperatura
2021-01-11,1300,0.0,30.4,31.0,temperatura
2021-01-11,1400,0.0,32.3,32.4,temperatura
2021-01-11,1500,0.0,33.3,34.2,temperatura
2021-01-11,1600,0.0,33.5,35.1,temperatura
2021-01-11,1700,0.0,35.2,35.6,temperatura
2021-01-11,1800,0.0,35.6,36.0,temperatura
2021-01-11,1900,0.0,36.0,36.3,temperatura
2021-01-11,2000,0.0,34.7,36.6,temperatura
2021-01-11,2100,0.0,33.7,35.3,temperatura
2021-01-11,2200,0.0,29.5,33.7,temperatura
2021-01-11,2300,0.0,31.2,31.5,temperatura
2018-04-01,0,0.0,20.1,20.3,precipitacao
2018-04-01,100,0.0,20.0,20.1,precipitacao
2018-04-01,200,0.0,19.9,20.0,precipitacao
2018-04-01,300,0.0,19.0,20.0,precipitacao
2018-04-01,400,0.0,19.1,19.2,precipitacao
2018-04-01,500,0.0,18.9,19.1,precipitacao
2018-04-01,600,0.0,19.3,19.3,precipitacao
2018-04-01,700,0.0,19.1,19.3,precipitacao
2018-04-01,800,0.0,18.7,19.1,precipitacao
2018-04-01,900,0.0,18.8,18.8,precipitacao
2018-04-01,1000,0.0,19.0,19.0,precipitacao
2018-04-01,1100,0.0,19.4,19.4,precipitacao
2018-04-01,1200,0.0,19.8,19.8,precipitacao
2018-04-01,1300,0.0,20.2,20.2,precipitacao
2018-04-01,1400,0.0,20.1,20.5,precipitacao
2018-04-01,1500,5.4,20.3,20.4,precipitacao
2018-04-01,1600,0.0,21.3,21.3,precipitacao
2018-04-01,1700,0.0,22.0,22.2,precipitacao
2018-04-01,1800,0.0,22.7,22.7,precipitacao
2018-04-01,1900,0.2,23.8,24.5,precipitacao
2018-04-01,2000,4.4,20.1,23.8,precipitacao
2018-04-01,2100,12.0,19.4,20.1,precipitacao
2018-04-01,2200,8.2,19.2,19.4,precipitacao
2018-04-01,2300,26.2,18.6,19.3,precipitacao
2018-04-03,0,0.0,18.0,18.6,precipitacao
2018-04-03,100,0.0,18.1,18.1,precipitacao
2018-04-03,200,0.0,18.1,18.2,precipitacao
2018-04-03,300,0.0,18.1,18.1,precipitacao
2018-04-03,400,0.0,18.0,18.1,precipitacao
2018-04-03,500,0.0,17.8,18.0,precipitacao
2018-04-03,600,0.0,17.3,17.8,precipitacao
2018-04-03,700,0.0,17.0,17.3,precipitacao
2018-04-03,800,0.0,17.0,17.0,precipitacao
2018-04-03,900,0.0,17.0,17.0,precipitacao
2018-04-03,1000,0.0,16.7,17.1,precipitacao
2018-04-03,1100,0.0,17.5,17.5,precipitacao
2018-04-03,1200,0.0,17.8,17.8,precipitacao
2018-04-03,1300,0.0,19.8,20.0,precipitacao
2018-04-03,1400,0.0,22.0,22.1,precipitacao
2018-04-03,1500,0.2,23.3,24.2,precipitacao
2018-04-03,1600,0.0,22.9,24.0,precipitacao
2018-04-03,1700,0.0,24.0,25.1,precipitacao
2018-04-03,1800,0.0,24.7,24.7,precipitacao
2018-04-03,1900,0.0,23.5,25.1,precipitacao
2018-04-03,2000,0.0,22.5,23.5,precipitacao
2018-04-03,2100,0.0,21.2,22.5,precipitacao
2018-04-03,2200,19.8,18.6,21.3,precipitacao
2018-04-03,2300,34.0,17.4,18.6,precipitacao
2018-07-02,0,0.0,17.5,17.7,precipitacao
2018-07-02,100,0.0,17.4,17.6,precipitacao
2018-07-02,200,0.0,16.8,17.4,precipitacao
2018-07-02,300,0.0,16.6,16.8,precipitacao
2018-07-02,400,0.0,16.2,16.7,precipitacao
2018-07-02,500,0.0,16.7,16.7,precipitacao
2018-07-02,600,0.0,16.5,16.9,precipitacao
2018-07-02,700,0.0,17.2,17.2,precipitacao
2018-07-02,800,0.0,17.5,17.6,precipitacao
2018-07-02,900,0.0,17.1,17.6,precipitacao
2018-07-02,1000,0.0,16.6,17.1,precipitacao
2018-07-02,1100,0.0,16.5,17.0,precipitacao
2018-07-02,1200,2.0,14.9,16.5,precipitacao
2018-07-02,1300,17.0,14.3,14.9,precipitacao
2018-07-02,1400,3.2,14.7,14.7,precipitacao
2018-07-02,1500,7.6,14.9,15.2,precipitacao
2018-07-02,1600,3.6,15.4,15.4,precipitacao
2018-07-02,1700,11.4,15.5,15.8,precipitacao
2018-07-02,1800,8.6,15.9,15.9,precipitacao
2018-07-02,1900,2.4,16.1,16.1,precipitacao
2018-07-02,2000,0.0,16.1,16.2,precipitacao
2018-07-02,2100,0.0,16.0,16.1,precipitacao
2018-07-02,2200,0.8,14.6,16.0,precipitacao
2018-07-02,2300,0.0,12.7,14.6,precipitacao
2018-08-31,0,3.6,15.8,16.0,precipitacao
2018-08-31,100,0.2,15.6,15.9,precipitacao
2018-08-31,200,0.0,15.6,15.6,precipitacao
2018-08-31,300,3.6,15.5,15.6,precipitacao
2018-08-31,400,8.2,15.3,15.5,precipitacao
2018-08-31,500,6.0,15.1,15.3,precipitacao
2018-08-31,600,7.0,15.1,15.1,precipitacao
2018-08-31,700,5.0,15.1,15.1,precipitacao
2018-08-31,800,3.8,15.1,15.5,precipitacao
2018-08-31,900,1.2,15.1,15.2,precipitacao
2018-08-31,1000,2.2,15.1,15.1,precipitacao
2018-08-31,1100,4.6,14.2,15.1,precipitacao
2018-08-31,1200,2.6,14.1,14.2,precipitacao
2018-08-31,1300,4.6,13.5,14.1,precipitacao
2018-08-31,1400,4.4,14.1,14.1,precipitacao
2018-08-31,1500,2.0,14.6,14.6,precipitacao
2018-08-31,1600,0.0,15.3,15.3,precipitacao
2018-08-31,1700,3.0,13.2,15.3,precipitacao
2018-08-31,1800,7.4,13.1,13.3,precipitacao
2018-08-31,1900,0.2,14.2,14.9,precipitacao
2018-08-31,2000,0.0,13.3,14.2,precipitacao
2018-08-31,2100,0.2,13.1,13.3,precipitacao
2018-08-31,2200,0.4,13.4,13.4,precipitacao
2018-08-31,2300,0.2,13.0,13.4,precipitacao
2018-09-23,0,0.0,23.3,23.5,precipitacao
2018-09-23,100,0.0,23.3,23.6,precipitacao
2018-09-23,200,0.0,22.8,23.4,precipitacao
2018-09-23,300,0.0,23.0,23.1,precipitacao
2018-09-23,400,0.0,22.5,23.1,precipitacao
2018-09-23,500,0.0,22.2,22.8,precipitacao
2018-09-23,600,0.0,22.0,22.2,precipitacao
2018-09-23,700,5.8,16.0,23.1,precipitacao
2018-09-23,800,12.4,16.5,16.5,precipitacao
2018-09-23,900,2.8,16.4,16.6,precipitacao
2018-09-23,1000,2.4,16.4,16.6,precipitacao
2018-09-23,1100,1.8,16.1,16.5,precipitacao
2018-09-23,1200,4.8,16.1,16.2,precipitacao
2018-09-23,1300,5.8,16.3,16.3,precipitacao
2018-09-23,1400,5.2,16.4,16.4,precipitacao
2018-09-23,1500,3.6,16.5,16.5,precipitacao
2018-09-23,1600,2.2,16.5,16.6,precipitacao
2018-09-23,1700,0.8,16.6,16.8,precipitacao
2018-09-23,1800,5.6,16.8,16.8,precipitacao
2018-09-23,1900,3.8,17.0,17.2,precipitacao
2018-09-23,2000,5.6,17.2,17.5,precipitacao
2018-09-23,2100,0.0,17.1,17.8,precipitacao
2018-09-23,2200,0.0,16.7,17.1,precipitacao
2018-09-23,2300,0.0,16.6,16.8,precipitacao
2018-09-24,0,0.0,16.4,16.6,precipitacao
2018-09-24,100,0.2,19.0,20.0,precipitacao
2018-09-24,200,0.0,17.9,19.2,precipitacao
2018-09-24,300,13.6,16.4,18.5,precipitacao
2018-09-24,400,0.6,16.7,16.7,precipitacao
2018-09-24,500,28.0,16.4,17.0,precipitacao
2018-09-24,600,3.4,16.9,17.0,precipitacao
2018-09-24,700,4.6,16.7,17.0,precipitacao
2018-09-24,800,5.2,16.7,16.9,precipitacao
2018-09-24,900,3.0,16.6,16.7,precipitacao
2018-09-24,1000,4.6,16.4,16.7,precipitacao
2018-09-24,1100,0.2,16.5,16.5,precipitacao
2018-09-24,1200,0.2,16.6,16.6,precipitacao
2018-09-24,1300,0.6,17.0,17.0,precipitacao
2018-09-24,1400,0.0,17.3,17.3,precipitacao
2018-09-24,1500,0.0,17.9,17.9,precipitacao
2018-09-24,1600,0.0,18.5,18.5,precipitacao
2018-09-24,1700,0.0,18.2,18.5,precipitacao
2018-09-24,1800,0.0,18.0,18.8,precipitacao
2018-09-24,1900,0.0,17.6,18.1,precipitacao
2018-09-24,2000,0.0,17.1,17.8,precipitacao
2018-09-24,2100,0.0,17.1,17.5,precipitacao
2018-09-24,2200,0.0,16.9,17.1,precipitacao
2018-09-24,2300,0.0,16.7,16.9,precipitacao
2018-11-03,0,0.0,17.2,18.5,precipitacao
2018-11-03,100,0.0,16.8,17.2,precipitacao
2018-11-03,200,0.0,16.2,17.1,precipitacao
2018-11-03,300,0.0,16.9,16.9,precipitacao
2018-11-03,400,0.0,17.9,17.9,precipitacao
2018-11-03,500,0.0,18.6,18.7,precipitacao
2018-11-03,600,0.0,15.9,18.6,precipitacao
2018-11-03,700,11.2,15.8,15.9,precipitacao
2018-11-03,800,36.0,16.1,16.1,precipitacao
2018-11-03,900,2.4,16.4,16.4,precipitacao
2018-11-03,1000,1.2,16.1,16.5,precipitacao
2018-11-03,1100,0.0,16.0,16.1,precipitacao
2018-11-03,1200,0.2,15.8,16.0,precipitacao
2018-11-03,1300,0.0,16.2,16.2,precipitacao
2018-11-03,1400,0.0,16.8,16.8,precipitacao
2018-11-03,1500,0.0,18.9,18.9,precipitacao
2018-11-03,1600,0.0,20.3,20.9,precipitacao
2018-11-03,1700,0.0,20.4,21.3,precipitacao
2018-11-03,1800,0.0,21.7,22.0,precipitacao
2018-11-03,1900,0.0,22.6,22.8,precipitacao
2018-11-03,2000,0.0,22.7,23.2,precipitacao
2018-11-03,2100,0.0,20.9,22.7,precipitacao
2018-11-03,2200,0.0,18.9,20.9,precipitacao
2018-11-03,2300,0.0,17.0,18.9,precipitacao
2018-12-20,0,0.0,20.9,21.0,precipitacao
2018-12-20,100,0.0,21.0,21.0,precipitacao
2018-12-20,200,0.0,21.1,21.1,precipitacao
2018-12-20,300,0.0,21.0,21.1,precipitacao
2018-12-20,400,0.0,21.0,21.0,precipitacao
2018-12-20,500,0.0,20.8,21.0,precipitacao
2018-12-20,600,0.0,20.9,20.9,precipitacao
2018-12-20,700,0.6,20.9,20.9,precipitacao
2018-12-20,800,0.2,20.8,20.9,precipitacao
2018-12-20,900,0.4,20.5,20.8,precipitacao
2018-12-20,1000,1.0,20.2,20.5,precipitacao
2018-12-20,1100,18.8,19.6,20.2,precipitacao
2018-12-20,1200,6.4,20.0,20.1,precipitacao
2018-12-20,1300,7.2,19.7,20.0,precipitacao
2018-12-20,1400,5.4,19.6,19.7,precipitacao
2018-12-20,1500,3.0,19.7,19.7,precipitacao
2018-12-20,1600,4.6,19.7,19.7,precipitacao
2018-12-20,1700,3.4,19.8,19.8,precipitacao
2018-12-20,1800,2.2,19.8,20.0,precipitacao
2018-12-20,1900,2.6,19.9,19.9,precipitacao
2018-12-20,2000,2.0,19.9,20.0,precipitacao
2018-12-20,2100,0.2,19.8,20.0,precipitacao
2018-12-20,2200,0.0,19.5,19.8,precipitacao
2018-12-20,2300,0.0,19.2,19.6,precipitacao
2019-04-05,0,6.6,21.9,22.6,precipitacao
2019-04-05,100,22.4,21.7,22.0,precipitacao
2019-04-05,200,20.0,21.2,21.7,precipitacao
2019-04-05,300,2.4,20.7,21.2,precipitacao
2019-04-05,400,0.0,19.5,20.7,precipitacao
2019-04-05,500,1.0,19.8,19.8,precipitacao
2019-04-05,600,0.0,19.4,20.0,precipitacao
2019-04-05,700,0.0,19.1,19.4,precipitacao
2019-04-05,800,0.0,18.8,19.2,precipitacao
2019-04-05,900,0.0,18.8,18.8,precipitacao
2019-04-05,1000,0.0,16.7,18.8,precipitacao
2019-04-05,1100,0.0,16.6,16.8,precipitacao
2019-04-05,1200,0.2,16.1,16.6,precipitacao
2019-04-05,1300,0.0,16.0,16.1,precipitacao
2019-04-05,1400,0.0,16.9,17.0,precipitacao
2019-04-05,1500,0.0,18.0,18.2,precipitacao
2019-04-05,1600,0.0,18.6,18.6,precipitacao
2019-04-05,1700,0.0,19.8,20.3,precipitacao
2019-04-05,1800,0.0,19.7,20.5,precipitacao
2019-04-05,1900,0.0,20.0,20.4,precipitacao
2019-04-05,2000,0.0,19.7,20.2,precipitacao
2019-04-05,2100,0.0,19.1,19.7,precipitacao
2019-04-05,2200,0.0,18.3,19.1,precipitacao
2019-04-05,2300,0.2,17.6,18.3,precipitacao
2019-05-10,0,0.0,19.3,19.4,precipitacao
2019-05-10,100,0.0,18.7,19.3,precipitacao
2019-05-10,200,0.0,19.2,19.2,precipitacao
2019-05-10,300,0.0,18.9,19.2,precipitacao
2019-05-10,400,0.0,18.8,19.0,precipitacao
2019-05-10,500,0.0,18.5,18.8,precipitacao
2019-05-10,600,0.0,18.6,18.6,precipitacao
2019-05-10,700,3.6,18.3,18.9,precipitacao
2019-05-10,800,9.0,18.0,18.3,precipitacao
2019-05-10,900,10.6,17.8,18.0,precipitacao
2019-05-10,1000,7.0,17.8,17.9,precipitacao
2019-05-10,1100,6.8,17.8,17.9,precipitacao
2019-05-10,1200,8.6,17.7,17.8,precipitacao
2019-05-10,1300,9.4,17.7,17.7,precipitacao
2019-05-10,1400,0.8,17.8,18.0,precipitacao
2019-05-10,1500,0.0,18.1,18.1,precipitacao
2019-05-10,1600,0.0,18.0,18.2,precipitacao
2019-05-10,1700,0.0,18.3,18.5,precipitacao
2019-05-10,1800,0.0,18.6,18.6,precipitacao
2019-05-10,1900,0.0,18.4,18.7,precipitacao
2019-05-10,2000,0.0,18.2,18.4,precipitacao
2019-05-10,2100,0.0,18.2,18.2,precipitacao
2019-05-10,2200,0.0,18.2,18.2,precipitacao
2019-05-10,2300,0.0,18.3,18.4,precipitacao
2019-07-24,0,2.0,16.5,16.5,precipitacao
2019-07-24,100,1.4,16.4,16.5,precipitacao
2019-07-24,200,3.8,16.2,16.4,precipitacao
2019-07-24,300,1.6,16.2,16.3,precipitacao
2019-07-24,400,12.2,16.3,16.3,precipitacao
2019-07-24,500,11.2,16.4,16.5,precipitacao
2019-07-24,600,7.8,16.3,16.5,precipitacao
2019-07-24,700,9.4,16.4,16.4,precipitacao
2019-07-24,800,3.4,14.4,16.4,precipitacao
2019-07-24,900,5.0,13.2,14.4,precipitacao
2019-07-24,1000,8.4,12.9,13.2,precipitacao
2019-07-24,1100,7.6,12.9,13.2,precipitacao
2019-07-24,1200,4.6,12.1,12.9,precipitacao
2019-07-24,1300,5.2,11.1,12.1,precipitacao
2019-07-24,1400,8.0,10.9,11.1,precipitacao
2019-07-24,1500,0.2,11.5,12.0,precipitacao
2019-07-24,1600,0.6,11.4,11.5,precipitacao
2019-07-24,1700,1.2,11.8,11.8,precipitacao
2019-07-24,1800,0.8,12.3,12.3,precipitacao
2019-07-24,1900,2.4,12.1,12.3,precipitacao
2019-07-24,2000,1.0,12.0,12.1,precipitacao
2019-07-24,2100,2.0,11.8,12.0,precipitacao
2019-07-24,2200,0.2,11.5,11.9,precipitacao
2019-07-24,2300,1.0,11.2,11.6,precipitacao
2019-09-11,0,0.0,12.7,12.8,precipitacao
2019-09-11,100,0.0,12.6,12.7,precipitacao
2019-09-11,200,0.0,12.2,12.6,precipitacao
2019-09-11,300,0.0,12.1,12.2,precipitacao
2019-09-11,400,0.0,12.1,12.2,precipitacao
2019-09-11,500,0.0,12.2,12.2,precipitacao
2019-09-11,600,0.0,12.3,12.3,precipitacao
2019-09-11,700,0.2,12.3,12.3,precipitacao
2019-09-11,800,0.0,12.7,12.7,precipitacao
2019-09-11,900,0.0,13.0,13.0,precipitacao
2019-09-11,1000,0.2,13.3,13.3,precipitacao
2019-09-11,1100,3.6,13.7,13.7,precipitacao
2019-09-11,1200,10.6,14.2,14.2,precipitacao
2019-09-11,1300,5.6,14.7,14.7,precipitacao
2019-09-11,1400,3.6,14.9,14.9,precipitacao
2019-09-11,1500,3.0,14.8,15.1,precipitacao
2019-09-11,1600,1.8,15.1,15.1,precipitacao
2019-09-11,1700,1.4,15.2,15.3,precipitacao
2019-09-11,1800,1.6,15.3,15.5,precipitacao
2019-09-11,1900,6.8,15.2,15.3,precipitacao
2019-09-11,2000,3.2,15.0,15.2,precipitacao
2019-09-11,2100,4.0,15.2,15.2,precipitacao
2019-09-11,2200,3.6,15.2,15.2,precipitacao
2019-09-11,2300,5.6,15.2,15.2,precipitacao
2019-10-17,0,0.2,16.3,16.4,precipitacao
2019-10-17,100,0.4,16.4,16.5,precipitacao
2019-10-17,200,0.0,16.5,16.5,precipitacao
2019-10-17,300,0.0,16.5,16.6,precipitacao
2019-10-17,400,21.8,16.3,16.7,precipitacao
2019-10-17,500,1.8,16.3,16.3,precipitacao
2019-10-17,600,0.0,16.5,16.5,precipitacao
2019-10-17,700,15.0,16.1,16.5,precipitacao
2019-10-17,800,3.8,16.2,16.5,precipitacao
2019-10-17,900,8.4,16.4,16.4,precipitacao
2019-10-17,1000,0.6,16.7,16.7,precipitacao
2019-10-17,1100,2.2,16.7,16.8,precipitacao
2019-10-17,1200,5.2,17.3,17.3,precipitacao
2019-10-17,1300,0.4,17.4,17.6,precipitacao
2019-10-17,1400,2.6,17.9,18.0,precipitacao
2019-10-17,1500,0.0,18.2,18.5,precipitacao
2019-10-17,1600,0.2,18.7,18.7,precipitacao
2019-10-17,1700,0.4,18.4,18.8,precipitacao
2019-10-17,1800,7.0,17.9,18.4,precipitacao
2019-10-17,1900,8.6,17.8,17.9,precipitacao
2019-10-17,2000,0.4,17.9,17.9,precipitacao
2019-10-17,2100,2.2,17.9,18.0,precipitacao
2019-10-17,2200,0.6,17.7,17.9,precipitacao
2019-10-17,2300,1.0,17.8,17.8,precipitacao
2020-05-21,0,0.0,21.0,21.2,precipitacao
2020-05-21,100,0.0,21.1,21.2,precipitacao
2020-05-21,200,0.0,21.4,21.4,precipitacao
2020-05-21,300,0.0,20.4,21.4,precipitacao
2020-05-21,400,0.0,19.8,20.5,precipitacao
2020-05-21,500,0.0,19.6,19.9,precipitacao
2020-05-21,600,0.0,19.2,19.7,precipitacao
2020-05-21,700,0.0,19.3,19.5,precipitacao
2020-05-21,800,0.0,18.9,19.3,precipitacao
2020-05-21,900,0.0,18.7,18.9,precipitacao
2020-05-21,1000,0.0,17.6,18.8,precipitacao
2020-05-21,1100,0.2,17.6,17.9,precipitacao
2020-05-21,1200,0.0,17.1,17.9,precipitacao
2020-05-21,1300,0.6,16.7,17.1,precipitacao
2020-05-21,1400,2.0,16.8,16.9,precipitacao
2020-05-21,1500,4.2,17.1,17.2,precipitacao
2020-05-21,1600,5.0,16.6,17.2,precipitacao
2020-05-21,1700,9.0,16.5,16.6,precipitacao
2020-05-21,1800,15.0,16.3,16.5,precipitacao
2020-05-21,1900,7.4,16.3,16.4,precipitacao
2020-05-21,2000,12.6,16.2,16.4,precipitacao
2020-05-21,2100,7.0,16.3,16.4,precipitacao
2020-05-21,2200,6.4,15.9,16.3,precipitacao
2020-05-21,2300,5.6,15.9,16.0,precipitacao
2020-06-30,0,0.8,10.5,10.5,precipitacao
2020-06-30,100,1.2,10.2,10.5,precipitacao
2020-06-30,200,0.2,10.7,10.7,precipitacao
2020-06-30,300,2.4,10.8,10.9,precipitacao
2020-06-30,400,5.2,11.0,11.0,precipitacao
2020-06-30,500,5.6,11.7,11.7,precipitacao
2020-06-30,600,3.6,12.4,12.5,precipitacao
2020-06-30,700,3.8,12.7,12.8,precipitacao
2020-06-30,800,0.2,12.9,13.0,precipitacao
2020-06-30,900,0.2,13.1,13.2,precipitacao
2020-06-30,1000,0.0,13.3,13.4,precipitacao
2020-06-30,1100,4.2,13.6,13.7,precipitacao
2020-06-30,1200,5.4,13.6,13.6,precipitacao
2020-06-30,1300,2.8,13.6,13.7,precipitacao
2020-06-30,1400,2.4,13.9,13.9,precipitacao
2020-06-30,1500,2.4,14.0,14.1,precipitacao
2020-06-30,1600,4.4,14.0,14.0,precipitacao
2020-06-30,1700,2.4,13.4,14.0,precipitacao
2020-06-30,1800,0.8,13.0,13.5,precipitacao
2020-06-30,1900,0.2,12.8,13.0,precipitacao
2020-06-30,2000,0.2,12.4,12.8,precipitacao
2020-06-30,2100,3.6,12.0,12.4,precipitacao
2020-06-30,2200,0.2,11.8,12.0,precipitacao
2020-06-30,2300,0.6,10.9,11.8,precipitacao
